Date,AAPL,MSFT,JPM
2015-06-01,29.236621856689453,50.2159423828125,40.952693939208984
2015-06-02,29.10672378540039,50.17036056518555,40.68389129638672
2015-06-03,29.142559051513672,50.687095642089844,40.62317657470703
2015-06-04,28.972347259521484,50.40594482421875,40.19832229614258
2015-06-05,28.813335418701172,51.2342529296875,40.00755310058594
2015-06-08,28.622961044311523,50.83148193359375,39.65205383300781
2015-06-09,28.537851333618164,51.0518684387207,39.582679748535156
2015-06-10,28.864850997924805,51.87258529663086,40.41508865356445
2015-06-11,28.799898147583008,52.070159912109375,40.26769256591797
2015-06-12,28.48187255859375,51.864994049072266,39.86016845703125
2015-06-15,28.42587661743164,51.66740417480469,39.43528366088867
2015-06-16,28.578166961669922,51.9561882019043,39.738765716552734
2015-06-17,28.51097869873047,51.78139877319336,39.86016845703125
2015-06-18,28.640878677368164,52.26774978637695,40.51045227050781
2015-06-19,28.354198455810547,51.735809326171875,39.972877502441406
2015-06-22,28.580408096313477,52.40453338623047,40.085594177246094
2015-06-23,28.45050621032715,53.00487518310547,39.808128356933594
2015-06-24,28.6923885345459,52.45012283325195,39.57400131225586
2015-06-25,28.555768966674805,52.16895294189453,39.582679748535156
2015-06-26,28.38779640197754,52.396934509277344,39.2445182800293
2015-06-29,27.890588760375977,51.06706619262695,38.472808837890625
2015-06-30,28.092159271240234,51.49262619018555,38.28205108642578
2015-07-01,28.354198455810547,52.0662956237793,38.54218673706055
2015-07-02,28.31837272644043,51.64561462402344,38.49882888793945
2015-07-06,28.219823837280273,51.50027847290039,38.49014663696289
2015-07-07,28.150392532348633,51.09488296508789,38.4121208190918
2015-07-08,27.451614379882812,50.046974182128906,38.360084533691406
2015-07-09,26.891691207885742,50.567115783691406,38.60287094116211
2015-07-10,27.610637664794922,51.28610610961914,38.68092727661133
2015-07-13,28.143672943115234,52.08158874511719,39.4873046875
2015-07-14,28.132469177246094,52.80824279785156,39.556671142578125
2015-07-15,28.40346908569336,52.9229736328125,39.678077697753906
2015-07-16,28.781972885131836,53.20598220825195,40.45845031738281
2015-07-17,29.030574798583984,52.938270568847656,40.423770904541016
2015-07-20,29.579307556152344,52.97651290893555,40.68389129638672
2015-07-21,29.283660888671875,52.85414123535156,40.99604797363281
2015-07-22,28.045127868652344,53.603729248046875,39.4873046875
2015-07-23,28.031692504882812,53.26716613769531,39.98154067993164
2015-07-24,27.883867263793945,52.70880889892578,39.834129333496094
2015-07-27,27.49641227722168,52.02040481567383,39.32255554199219
2015-07-28,27.63302993774414,52.050994873046875,39.31389617919922
2015-07-29,27.54568099975586,52.73175048828125,40.137630462646484
2015-07-30,27.40682601928711,52.80824279785156,40.649208068847656
2015-07-31,27.167173385620117,52.418148040771484,40.49312973022461
2015-08-03,26.526630401611328,52.418148040771484,40.58851623535156
2015-08-04,25.675561904907227,52.36459732055664,41.22148895263672
2015-08-05,25.84577751159668,52.571136474609375,41.25617218017578
2015-08-06,25.902013778686523,52.203975677490234,40.423770904541016
2015-08-07,25.989761352539062,52.050994873046875,40.52781295776367
2015-08-10,26.93467903137207,52.69349670410156,41.03940200805664
2015-08-11,25.533052444458008,52.18868637084961,40.24168014526367
2015-08-12,25.926773071289062,51.43143081665039,40.52781295776367
2015-08-13,25.90651512145996,51.66854476928711,40.5191535949707
2015-08-14,26.088748931884766,51.92863845825195,40.75325393676758
2015-08-17,26.35872459411621,52.0662956237793,41.030723571777344
2015-08-18,26.21024513244629,52.173377990722656,41.25765609741211
2015-08-19,25.875019073486328,51.706790924072266,40.68159484863281
2015-08-20,25.34406852722168,50.437076568603516,39.85243225097656
2015-08-21,23.79395294189453,48.647220611572266,37.59185791015625
2015-08-24,23.19999885559082,46.08481979370117,36.378662109375
2015-08-25,23.33948516845703,45.824771881103516,35.322566986083984
2015-08-26,24.67812156677246,48.11944580078125,37.277652740478516
2015-08-27,25.404804229736328,49.320316314697266,38.3162956237793
2015-08-28,25.488054275512695,49.05261993408203,38.34248352050781
2015-08-31,25.368812561035156,49.0296630859375,37.98462677001953
2015-09-01,24.234909057617188,47.00270080566406,36.50084686279297
2015-09-02,25.274320602416992,47.859378814697266,37.84497833251953
2015-09-03,24.831117630004883,47.94351577758789,37.9671745300293
2015-09-04,24.583629608154297,47.04093551635742,37.19036865234375
2015-09-08,25.26757049560547,48.31068420410156,38.30757141113281
2015-09-09,24.78160858154297,47.561073303222656,37.59185791015625
2015-09-10,25.326066970825195,47.92823028564453,37.78388214111328
2015-09-11,25.695032119750977,47.85173797607422,37.94970703125
2015-09-14,25.94251251220703,47.71405029296875,37.565677642822266
2015-09-15,26.160743713378906,48.631927490234375,38.38610076904297
2015-09-16,26.18999671936035,49.060264587402344,38.6654167175293
2015-09-17,25.629791259765625,47.92058181762695,38.62177658081055
2015-09-18,25.524051666259766,46.61260223388672,37.94970703125
2015-09-21,25.920011520385742,47.00270080566406,38.49958038330078
2015-09-22,25.512798309326172,46.58966827392578,38.3162956237793
2015-09-23,25.71978187561035,46.38312911987305,38.29010772705078
2015-09-24,25.872774124145508,46.0618896484375,38.32502365112305
2015-09-25,25.807523727416992,47.01800537109375,38.3512077331543
2015-09-28,25.296817779541016,45.87831115722656,37.78388214111328
2015-09-29,24.53638458251953,45.77122116088867,37.914791107177734
2015-09-30,24.81536102294922,46.63555145263672,38.6305046081543
2015-10-01,24.653377532958984,46.979759216308594,38.93600082397461
2015-10-02,24.83336067199707,46.84878158569336,39.77388000488281
2015-10-05,24.92335319519043,47.780967712402344,40.69905471801758
2015-10-06,25.042585372924805,47.804107666015625,40.803794860839844
2015-10-07,24.92335319519043,47.86572265625,40.84743881225586
2015-10-08,24.6353759765625,47.86572265625,41.414756774902344
2015-10-09,25.22482681274414,47.711647033691406,41.118019104003906
2015-10-12,25.107833862304688,47.54985427856445,41.022003173828125
2015-10-13,25.150585174560547,47.41889190673828,40.92599105834961
2015-10-14,24.795114517211914,46.217041015625,40.74271011352539
2015-10-15,25.166332244873047,47.68082809448242,41.030731201171875
2015-10-16,24.98184585571289,48.09684371948242,41.467132568359375
2015-10-19,25.137081146240234,47.93505859375,41.563140869140625
2015-10-20,25.596038818359375,48.16617965698242,41.69407272338867
2015-10-21,25.593791961669922,47.811798095703125,41.196563720703125
2015-10-22,25.985258102416992,48.68236541748047,41.92098617553711
2015-10-23,26.790693283081055,49.20624542236328,46.145381927490234
2015-10-26,25.93575668334961,49.229347229003906,47.349853515625
2015-10-27,25.771530151367188,49.029052734375,46.861083984375
2015-10-28,26.833436965942383,50.46201705932617,47.11420822143555
2015-10-29,27.116907119750977,50.238590240478516,46.573062896728516
2015-10-30,26.885183334350586,49.49900436401367,45.94463348388672
2015-11-02,27.263147354125977,50.492828369140625,46.46832275390625
2015-11-03,27.575868606567383,50.677730560302734,47.26258087158203
2015-11-04,27.447633743286133,50.731666564941406,47.48078918457031
2015-11-05,27.32110023498535,51.186214447021484,47.46332550048828
2015-11-06,27.35274314880371,52.742427825927734,47.93463897705078
2015-11-09,27.24202537536621,51.918087005615234,47.27131271362305
2015-11-10,26.383440017700195,52.14150619506836,46.70397186279297
2015-11-11,26.23431968688965,51.887290954589844,46.826171875
2015-11-12,26.146198272705078,50.847225189208984,46.538143157958984
2015-11-13,25.382509231567383,50.508235931396484,46.119205474853516
2015-11-16,25.798246383666992,51.24014663696289,46.93091583251953
2015-11-17,25.687536239624023,50.94737243652344,46.544288635253906
2015-11-18,26.50093650817871,51.964317321777344,47.31752395629883
2015-11-19,26.83758544921875,52.12611389160156,47.39662551879883
2015-11-20,26.955074310302734,52.033660888671875,47.61627960205078
2015-11-23,26.6048641204834,51.525184631347656,47.61627960205078
2015-11-24,26.860183715820312,51.448143005371094,47.669010162353516
2015-11-25,26.66812515258789,51.509769439697266,47.176937103271484
2015-11-27,26.61842155456543,51.748600006103516,47.38783645629883
2015-11-30,26.729135513305664,51.3711051940918,47.756893157958984
2015-12-01,26.51222801208496,52.087581634521484,48.5213508605957
2015-12-02,26.27272605895996,51.35568618774414,48.51255416870117
2015-12-03,26.028709411621094,50.69313049316406,47.62507629394531
2015-12-04,26.89406967163086,52.303321838378906,49.127647399902344
2015-12-07,26.724618911743164,51.617637634277344,49.039772033691406
2015-12-08,26.713321685791016,50.81640625,49.02219009399414
2015-12-09,26.123598098754883,50.43119812011719,48.31047058105469
2015-12-10,26.247875213623047,50.54676055908203,48.5652961730957
2015-12-11,25.572301864624023,49.360328674316406,47.50206756591797
2015-12-14,25.414146423339844,49.514408111572266,48.4510498046875
2015-12-15,24.964513778686523,50.924259185791016,48.50376892089844
2015-12-16,25.156570434570312,52.02595138549805,49.32094192504883
2015-12-17,24.623342514038086,51.062931060791016,48.943115234375
2015-12-18,23.95680046081543,49.614559173583984,47.56356430053711
2015-12-21,24.250526428222656,50.492828369140625,48.17865753173828
2015-12-22,24.22793960571289,50.60069274902344,48.63556671142578
2015-12-23,24.53974151611328,51.40962600708008,49.048553466796875
2015-12-24,24.408693313598633,51.30947494506836,48.9167594909668
2015-12-28,24.135297775268555,51.13997268676758,49.16279983520508
2015-12-29,24.569110870361328,51.67156982421875,49.690006256103516
2015-12-30,24.24827766418457,51.3017578125,49.4791145324707
2015-12-31,23.782827377319336,50.87032699584961,48.74980926513672
2016-01-04,23.803159713745117,49.342437744140625,48.15229797363281
2016-01-05,23.206676483154297,49.42774963378906,48.37196731567383
2016-01-06,22.752521514892578,48.7142219543457,47.49327850341797
2016-01-07,21.792261123657227,46.74424743652344,45.84132766723633
2016-01-08,21.907499313354492,45.69720458984375,45.98192596435547
2016-01-11,22.26222801208496,45.62740707397461,45.95556640625
2016-01-12,22.5853328704834,45.72824478149414,46.37733840942383
2016-01-13,22.004653930664062,44.4717903137207,45.37563705444336
2016-01-14,22.485916137695312,45.1387939453125,46.66729736328125
2016-01-15,21.945905685424805,44.23910903930664,44.80448532104492
2016-01-19,21.83971405029297,44.215850830078125,44.4266357421875
2016-01-20,21.869089126586914,43.05247497558594,44.628753662109375
2016-01-21,21.758371353149414,42.8508186340332,44.356346130371094
2016-01-22,22.915205001831055,44.16931915283203,45.94677734375
2016-01-25,22.467832565307617,43.168819427490234,45.5074348449707
2016-01-26,22.592103958129883,44.2701416015625,45.84132766723633
2016-01-27,21.107650756835938,44.23910903930664,45.006568908691406
2016-01-28,21.259037017822266,44.425254821777344,45.744693756103516
2016-01-29,21.993349075317383,46.14704895019531,48.4071044921875
2016-02-01,21.787744522094727,45.650691986083984,48.073219299316406
2016-02-02,21.347158432006836,44.23136901855469,46.570655822753906
2016-02-03,21.769664764404297,44.52608871459961,45.83255386352539
2016-02-04,21.944583892822266,45.293907165527344,45.691951751708984
2016-02-05,21.358491897583008,44.78978729248047,44.075164794921875
2016-02-08,21.58338737487793,43.85133743286133,43.416141510009766
2016-02-09,21.5788516998291,43.5876350402832,43.301918029785156
2016-02-10,21.415287017822266,43.060245513916016,43.679752349853516
2016-02-11,21.285799026489258,41.16006851196289,43.66218185424805
2016-02-12,21.35167694091797,44.58814239501953,44.373924255371094
2016-02-16,21.95367431640625,45.255126953125,45.21467971801758
2016-02-17,22.289886474609375,45.58087158203125,46.391719818115234
2016-02-18,21.86735725402832,44.83631896972656,46.18816375732422
2016-02-19,21.81737518310547,44.84406661987305,45.860721588134766
2016-02-22,22.008193969726562,45.425750732421875,46.595272064208984
2016-02-23,21.51068878173828,43.525596618652344,45.2943229675293
2016-02-24,21.831003189086914,43.54109573364258,45.45362091064453
2016-02-25,21.980937957763672,44.215850830078125,46.10851287841797
2016-02-26,22.015010833740234,44.62690734863281,45.40052795410156
2016-02-29,21.96503257751465,43.665184020996094,45.02881622314453
2016-03-01,22.837366104125977,45.91437530517578,46.533321380615234
2016-03-02,22.887353897094727,46.34868621826172,46.86076354980469
2016-03-03,23.057714462280273,46.50381088256836,46.329769134521484
2016-03-04,23.400754928588867,46.5736083984375,46.04658126831055
2016-03-07,23.141773223876953,46.48830032348633,45.16157150268555
2016-03-08,22.950958251953125,45.588626861572266,45.71027755737305
2016-03-09,22.971397399902344,45.852333068847656,46.76343536376953
2016-03-10,22.982759475708008,45.45677947998047,46.06427001953125
2016-03-11,23.23036766052246,46.02294921875,46.96696472167969
2016-03-14,23.289430618286133,45.852333068847656,47.05547332763672
2016-03-15,23.757404327392578,45.91437530517578,47.42717742919922
2016-03-16,24.07317543029785,45.69720458984375,48.09978103637695
2016-03-17,24.03455352783203,45.565364837646484,48.37412643432617
2016-03-18,24.061813354492188,46.90711975097656,47.33866882324219
2016-03-21,24.05954360961914,46.891605377197266,47.66612243652344
2016-03-22,24.243547439575195,46.720985412597656,47.85196304321289
2016-03-23,24.109516143798828,46.48830032348633,47.76347732543945
2016-03-24,24.005014419555664,46.13154220581055,47.97587585449219
2016-03-28,23.895977020263672,46.06949234008789,47.38291931152344
2016-03-29,24.461627960205078,45.782527923583984,48.41838455200195
2016-03-30,24.88870620727539,46.30991744995117,48.719268798828125
2016-03-31,24.75922393798828,45.92989730834961,48.878570556640625
2016-04-01,24.986387252807617,46.43402099609375,49.179473876953125
2016-04-04,25.24309539794922,46.25430679321289,49.05558395385742
2016-04-05,24.945499420166016,45.597999572753906,48.28563690185547
2016-04-06,25.206748962402344,45.94959259033203,48.781219482421875
2016-04-07,24.656991958618164,44.785423278808594,48.197120666503906
2016-04-08,24.68425178527832,45.11358642578125,48.161720275878906
2016-04-11,24.766040802001953,45.47298812866211,48.06437301635742
2016-04-12,25.088619232177734,46.31681823730469,48.36528778076172
2016-04-13,25.45209312438965,48.277931213378906,48.98476791381836
2016-04-14,25.46571922302246,48.90299606323242,48.99361801147461
2016-04-15,24.954587936401367,48.34043502807617,49.250274658203125
2016-04-18,24.416194915771484,48.65296936035156,49.96712112426758
2016-04-19,24.286710739135742,49.473358154296875,49.90517807006836
2016-04-20,24.33667755126953,50.192169189453125,49.197174072265625
2016-04-21,24.07317543029785,49.69213104248047,49.36531448364258
2016-04-22,24.007287979125977,49.981201171875,45.825321197509766
2016-04-25,23.870988845825195,49.69213104248047,46.117374420166016
2016-04-26,23.705156326293945,49.94997024536133,45.52440643310547
2016-04-27,22.22173309326172,50.09060287475586,45.081912994384766
2016-04-28,21.542495727539062,49.69213104248047,44.16151809692383
2016-04-29,21.294883728027344,49.379600524902344,44.134979248046875
2016-05-02,21.27216911315918,49.84058380126953,44.78987503051758
2016-05-03,21.62200927734375,48.87955856323242,44.055320739746094
2016-05-04,21.397111892700195,48.106040954589844,44.134979248046875
2016-05-05,21.310258865356445,47.848201751708984,44.19691848754883
2016-05-06,21.191415786743164,48.12948226928711,44.59517288208008
2016-05-09,21.20741081237793,47.824764251708984,44.31197738647461
2016-05-10,21.351396560668945,48.473262786865234,45.1527214050293
2016-05-11,21.143413543701172,48.29355239868164,45.17926788330078
2016-05-12,20.6474609375,48.26231002807617,45.58637237548828
2016-05-13,20.6885929107666,47.816951751708984,45.20581817626953
2016-05-16,21.45653533935547,48.17635726928711,45.86956787109375
2016-05-17,21.367401123046875,48.17635726928711,45.01401901245117
2016-05-18,21.611949920654297,50.03590774536133,45.28139877319336
2016-05-19,21.529672622680664,49.52806091308594,44.84471130371094
2016-05-20,21.76279067993164,49.621803283691406,45.112060546875
2016-05-23,22.039342880249023,49.582740783691406,44.58625411987305
2016-05-24,22.375316619873047,50.426578521728516,45.97650909423828
2016-05-25,22.7684326171875,51.192256927490234,46.44884490966797
2016-05-26,22.948984146118164,50.80941390991211,46.243865966796875
2016-05-27,22.935270309448242,51.1219367980957,46.6270866394043
2016-05-31,22.823278427124023,50.99694061279297,47.233089447021484
2016-06-01,22.50330352783203,51.325077056884766,47.09941482543945
2016-06-02,22.33417510986328,51.418846130371094,46.76966857910156
2016-06-03,22.3798885345459,50.504703521728516,46.154762268066406
2016-06-06,22.542158126831055,51.00475311279297,46.457763671875
2016-06-07,22.633577346801758,50.832862854003906,46.4310188293457
2016-06-08,22.613012313842773,50.98129653930664,46.3775520324707
2016-06-09,22.77528953552246,50.59065628051758,46.003238677978516
2016-06-10,22.58787727355957,49.87965393066406,45.87849044799805
2016-06-13,22.247323989868164,49.43428039550781,44.68428421020508
2016-06-14,22.274751663208008,48.504520416259766,44.40802001953125
2016-06-15,22.201618194580078,48.4185676574707,44.28324890136719
2016-06-16,22.29532814025879,48.6139030456543,44.90708923339844
2016-06-17,21.78793716430664,48.660770416259766,44.67537307739258
2016-06-20,21.735368728637695,48.73110580444336,44.62191390991211
2016-06-21,21.92049217224121,49.18427276611328,45.62004089355469
2016-06-22,21.838220596313477,48.996768951416016,45.441802978515625
2016-06-23,21.963926315307617,50.04372024536133,46.261695861816406
2016-06-24,21.346830368041992,46.56684112548828,44.40802001953125
2016-06-27,21.035999298095703,45.01200866699219,43.16035461425781
2016-06-28,21.39025115966797,46.504329681396484,44.06047058105469
2016-06-29,21.575382232666016,47.816951751708984,45.040767669677734
2016-06-30,21.84963607788086,48.551395416259766,45.60220718383789
2016-07-01,21.91592788696289,48.23642349243164,45.593299865722656
2016-07-05,21.71022605895996,46.88997268676758,45.60220718383789
2016-07-06,21.83364486694336,47.393917083740234,45.789371490478516
2016-07-07,21.927350997924805,47.70098876953125,45.789371490478516
2016-07-08,22.096485137939453,48.68525314331055,46.60926818847656
2016-07-11,22.165048599243164,49.031707763671875,46.867706298828125
2016-07-12,22.265615463256836,49.76399612426758,47.42023468017578
2016-07-13,22.139911651611328,49.73250961303711,47.68759536743164
2016-07-14,22.5787296295166,50.4884033203125,47.892578125
2016-07-15,22.576446533203125,50.53565979003906,47.85692596435547
2016-07-18,22.816425323486328,50.3624153137207,48.0886344909668
2016-07-19,22.82556915283203,50.283687591552734,47.313297271728516
2016-07-20,22.846134185791016,50.338809967041016,49.82645797729492
2016-07-21,22.72500228881836,50.14982223510742,49.728431701660156
2016-07-22,22.549015045166016,50.425418853759766,50.414634704589844
2016-07-25,22.247323989868164,50.29155731201172,50.557247161865234
2016-07-26,22.094194412231445,50.49629592895508,50.58396911621094
2016-07-27,23.529512405395508,50.65376663208008,50.075992584228516
2016-07-28,23.84719467163086,50.47266387939453,50.09381866455078
2016-07-29,23.817487716674805,50.37028884887695,50.51266860961914
2016-08-01,24.238021850585938,50.23644256591797,50.423561096191406
2016-08-02,23.879194259643555,50.11833190917969,50.423561096191406
2016-08-03,24.17859649658203,50.913612365722656,50.7711181640625
2016-08-04,24.327964782714844,50.83486557006836,51.145423889160156
2016-08-05,24.69792366027832,52.20496368408203,51.65339660644531
2016-08-08,24.90243911743164,52.0474739074707,51.74251174926758
2016-08-09,25.003549575805664,51.866371154785156,51.86729431152344
2016-08-10,24.817419052124023,51.40180969238281,51.70686340332031
2016-08-11,24.801328659057617,51.54353713989258,51.95639419555664
2016-08-12,24.85877799987793,51.433292388916016,51.63557052612305
2016-08-15,25.157503128051758,51.748260498046875,51.79598617553711
2016-08-16,25.13452911376953,51.740386962890625,51.50902557373047
2016-08-17,25.09775733947754,51.882118225097656,51.616641998291016
2016-08-18,25.065593719482422,51.92937469482422,51.65251922607422
2016-08-19,25.129934310913086,51.85850143432617,51.670440673828125
2016-08-22,24.934612274169922,51.81124496459961,51.71527862548828
2016-08-23,25.012739181518555,51.787635803222656,51.912559509277344
2016-08-24,24.824310302734375,51.92937469482422,51.966365814208984
2016-08-25,24.718608856201172,52.02386474609375,52.16364288330078
2016-08-26,24.57383918762207,52.141971588134766,52.038108825683594
2016-08-29,24.5462646484375,52.71676254272461,52.10088348388672
2016-08-30,24.35783576965332,53.149845123291016,51.912559509277344
2016-08-31,24.380809783935547,53.149845123291016,51.526954650878906
2016-09-01,24.52558135986328,52.92149353027344,51.64353942871094
2016-09-02,24.755374908447266,53.141963958740234,51.71527862548828
2016-09-06,24.74847984313965,53.10260009765625,51.66147994995117
2016-09-07,24.900142669677734,52.882137298583984,51.70631790161133
2016-09-08,24.247539520263672,52.95298385620117,51.50006103515625
2016-09-09,23.698335647583008,52.48054122924805,50.406028747558594
2016-09-12,24.229150772094727,52.80339050292969,51.159297943115234
2016-09-13,24.805923461914062,52.38605880737305,50.692989349365234
2016-09-14,25.683725357055664,52.2837028503418,50.45085906982422
2016-09-15,26.55693817138672,52.4726676940918,51.284828186035156
2016-09-16,26.40757179260254,51.82699966430664,51.33864974975586
2016-09-19,26.099645614624023,52.11833572387695,51.05168914794922
2016-09-20,26.097354888916016,52.330936431884766,50.944091796875
2016-09-21,26.092758178710938,52.630149841308594,51.795982360839844
2016-09-22,26.338634490966797,53.06322479248047,51.849796295166016
2016-09-23,25.899728775024414,52.95298385620117,51.50006103515625
2016-09-26,25.938791275024414,51.795501708984375,51.02478790283203
2016-09-27,25.987049102783203,52.25221252441406,51.966365814208984
2016-09-28,26.18467140197754,52.52778625488281,52.038108825683594
2016-09-29,25.777942657470703,51.693153381347656,51.47314453125
2016-09-30,25.977863311767578,52.43330001831055,51.65251922607422
2016-10-03,25.8560733795166,52.37031555175781,51.49110412597656
2016-10-04,25.966371536254883,52.82240295410156,51.329681396484375
2016-10-05,25.977863311767578,53.6869010925293,51.68838119506836
2016-10-06,26.170886993408203,53.82968521118164,51.77804946899414
2016-10-07,26.209951400756836,54.02001953125,51.83185577392578
2016-10-10,26.6672306060791,54.44037628173828,52.04708480834961
2016-10-11,26.724687576293945,54.17863845825195,51.284828186035156
2016-10-12,26.963666915893555,54.03586959838867,51.21310806274414
2016-10-13,26.880937576293945,53.7265510559082,51.042728424072266
2016-10-14,27.030298233032227,53.55208206176758,51.49110412597656
2016-10-17,27.011924743652344,53.27447509765625,51.31173324584961
2016-10-18,26.9935359954834,53.69483184814453,51.70631790161133
2016-10-19,26.913108825683594,54.21036148071289,51.5897331237793
2016-10-20,26.899322509765625,54.13898468017578,51.33864974975586
2016-10-21,26.793621063232422,54.321407318115234,53.49980926513672
2016-10-24,27.034902572631836,54.62278747558594,54.701446533203125
2016-10-25,27.172773361206055,54.56726837158203,54.69247055053711
2016-10-26,26.5615291595459,54.82900619506836,54.3696403503418
2016-10-27,26.306467056274414,54.90831756591797,53.89436340332031
2016-10-28,26.131816864013672,54.813133239746094,53.688114166259766
2016-10-31,26.090463638305664,54.93211364746094,53.73295974731445
2016-11-01,25.619388580322266,54.70210647583008,53.62534713745117
2016-11-02,25.642364501953125,54.47209930419922,53.293556213378906
2016-11-03,25.367507934570312,54.23417282104492,53.09626770019531
2016-11-04,25.13884925842285,53.742427825927734,52.647891998291016
2016-11-07,25.5014705657959,55.42384338378906,54.18132019042969
2016-11-08,25.6516056060791,55.54281997680664,54.22616958618164
2016-11-09,25.610029220581055,58.09669876098633,53.95713424682617
2016-11-10,24.896326065063477,60.793338775634766,52.638919830322266
2016-11-11,25.044147491455078,60.825069427490234,52.9258918762207
2016-11-14,24.415912628173828,63.06169509887695,52.118804931640625
2016-11-15,24.739269256591797,62.94271469116211,53.14801025390625
2016-11-16,25.404470443725586,61.38819885253906,53.85219955444336
2016-11-17,25.395227432250977,61.879920959472656,54.745975494384766
2016-11-18,25.420635223388672,61.63405990600586,54.484161376953125
2016-11-21,25.806352615356445,61.90372085571289,54.944580078125
2016-11-22,25.822525024414062,62.28440475463867,55.1793212890625
2016-11-23,25.690874099731445,62.5461540222168,54.52930450439453
2016-11-25,25.820213317871094,62.52238464355469,54.646644592285156
2016-11-28,25.769397735595703,62.11785888671875,54.7188835144043
2016-11-29,25.743993759155273,62.59375,55.152225494384766
2016-11-30,25.526884078979492,63.58515167236328,54.40290069580078
2016-12-01,25.288982391357422,64.87003326416016,53.44593811035156
2016-12-02,25.38368034362793,64.71932983398438,53.4910774230957
2016-12-05,25.20121192932129,66.03593444824219,54.36680221557617
2016-12-06,25.395227432250977,66.37699127197266,54.1230354309082
2016-12-07,25.644670486450195,66.67835235595703,55.4050178527832
2016-12-08,25.89642906188965,67.51116180419922,55.07999801635742
2016-12-09,26.319110870361328,67.8045883178711,55.94670104980469
2016-12-12,26.168975830078125,67.20181274414062,56.12725830078125
2016-12-13,26.605514526367188,67.2256088256836,56.8585319519043
2016-12-14,26.605514526367188,67.20181274414062,56.58768081665039
2016-12-15,26.75102424621582,68.20909881591797,56.49742126464844
2016-12-16,26.78567123413086,67.3683853149414,56.24462890625
2016-12-19,26.940420150756836,67.75701904296875,57.43632888793945
2016-12-20,27.012025833129883,68.62944030761719,57.364097595214844
2016-12-21,27.037429809570312,68.80394744873047,57.364097595214844
2016-12-22,26.859580993652344,68.91497039794922,57.37312316894531
2016-12-23,26.91270637512207,69.04190063476562,57.093257904052734
2016-12-27,27.083627700805664,69.10533905029297,57.12937927246094
2016-12-28,26.9681453704834,68.60568237304688,56.8675537109375
2016-12-29,26.96120834350586,68.1218490600586,56.78630447387695
2016-12-30,26.75102424621582,68.43909454345703,56.100181579589844
2017-01-03,26.827247619628906,69.1846694946289,56.49742126464844
2017-01-04,26.797212600708008,69.31224822998047,56.24462890625
2017-01-05,26.933490753173828,68.67423248291016,56.24462890625
2017-01-06,27.233749389648438,68.68218994140625,56.73212432861328
2017-01-09,27.483200073242188,68.73005676269531,56.55158615112305
2017-01-10,27.510923385620117,68.929443359375,56.533531188964844
2017-01-11,27.658737182617188,69.44783020019531,57.048118591308594
2017-01-12,27.543256759643555,68.77790832519531,56.52449417114258
2017-01-13,27.4947566986084,69.14476776123047,56.605751037597656
2017-01-17,27.716482162475586,66.63257598876953,56.4522590637207
2017-01-18,27.71417999267578,66.94361877441406,56.425174713134766
2017-01-19,27.66567039489746,66.4332046508789,56.24462890625
2017-01-20,27.716482162475586,66.72830963134766,56.64186477661133
2017-01-23,27.734960556030273,66.76016235351562,56.84046936035156
2017-01-24,27.709548950195312,67.56568145751953,57.34604263305664
2017-01-25,28.15070343017578,68.61044311523438,57.49049377441406
2017-01-26,28.164567947387695,69.18465423583984,58.023155212402344
2017-01-27,28.166873931884766,69.32818603515625,59.38637161254883
2017-01-30,28.092971801757812,68.61044311523438,58.79955291748047
2017-01-31,28.028297424316406,67.4939193725586,58.3662223815918
2017-02-01,29.737468719482422,67.74911499023438,57.40021514892578
2017-02-02,29.686664581298828,67.46200561523438,57.030059814453125
2017-02-03,29.81369972229004,69.52757263183594,57.49049377441406
2017-02-06,30.093170166015625,69.20059967041016,57.45438766479492
2017-02-07,30.379575729370117,69.16069793701172,57.26478576660156
2017-02-08,30.497371673583984,68.55460357666016,57.18355178833008
2017-02-09,30.717750549316406,69.54354095458984,57.833553314208984
2017-02-10,30.64814567565918,69.38401794433594,57.779388427734375
2017-02-13,30.919570922851562,70.3011703491211,58.42940902709961
2017-02-14,31.32086944580078,71.4256591796875,58.647396087646484
2017-02-15,31.434537887573242,72.24710083007812,58.61105728149414
2017-02-16,31.397428512573242,72.19925689697266,58.60197448730469
2017-02-17,31.483251571655273,71.96001434326172,58.692813873291016
2017-02-21,31.710582733154297,72.58206939697266,58.57473373413086
2017-02-22,31.805692672729492,72.62194061279297,58.45665740966797
2017-02-23,31.671157836914062,72.67778015136719,58.692813873291016
2017-02-24,31.701305389404297,72.03977966308594,58.692813873291016
2017-02-27,31.76392936706543,72.1195068359375,58.338592529296875
2017-02-28,31.777860641479492,72.27103424072266,58.11149978637695
2017-03-01,32.42737579345703,74.64763641357422,58.983455657958984
2017-03-02,32.23483657836914,73.48326110839844,58.138763427734375
2017-03-03,32.42506408691406,74.0096206665039,58.356754302978516
2017-03-06,32.323001861572266,73.30779266357422,58.37492752075195
2017-03-07,32.36475372314453,72.90108489990234,58.49299240112305
2017-03-08,32.244117736816406,72.7415771484375,59.02886962890625
2017-03-09,32.169891357421875,73.0286865234375,58.79271697998047
2017-03-10,32.27659225463867,72.79740142822266,58.974369049072266
2017-03-13,32.290523529052734,72.86119079589844,58.77456283569336
2017-03-14,32.241798400878906,72.98082733154297,58.50205612182617
2017-03-15,32.58279800415039,73.15629577636719,58.81087112426758
2017-03-16,32.63615417480469,73.08450317382812,58.71097946166992
2017-03-17,32.47377014160156,72.31890106201172,58.919883728027344
2017-03-20,32.81476974487305,71.8005142211914,58.974369049072266
2017-03-21,32.43898010253906,69.6950454711914,58.32041931152344
2017-03-22,32.805484771728516,69.80672454833984,59.06520080566406
2017-03-23,32.689510345458984,69.6950454711914,58.919883728027344
2017-03-24,32.62455368041992,69.61531066894531,59.0197868347168
2017-03-27,32.68022918701172,69.57542419433594,59.12876892089844
2017-03-28,33.35759353637695,70.66004180908203,59.30134201049805
2017-03-29,33.431827545166016,70.39685821533203,59.464839935302734
2017-03-30,33.38774490356445,71.00299072265625,59.68281173706055
2017-03-31,33.32509994506836,70.0539321899414,59.81907272338867
2017-04-03,33.334381103515625,69.79873657226562,59.53750228881836
2017-04-04,33.58260726928711,70.03136444091797,59.70100784301758
2017-04-05,33.408607482910156,69.13299560546875,59.54656982421875
2017-04-06,33.32509994506836,69.36561584472656,59.70100784301758
2017-04-07,33.25088882446289,69.12496185302734,59.65555953979492
2017-04-10,33.211448669433594,68.88434600830078,59.51934814453125
2017-04-11,32.85419845581055,68.76402282714844,59.473915100097656
2017-04-12,32.89363479614258,68.49934387207031,59.246856689453125
2017-04-13,32.719661712646484,67.69725036621094,58.992523193359375
2017-04-17,32.900596618652344,68.86830139160156,59.473915100097656
2017-04-18,32.754459381103516,68.30681610107422,59.39218521118164
2017-04-19,32.63383102416992,67.74536895751953,59.074283599853516
2017-04-20,33.04210662841797,68.61963653564453,59.49209213256836
2017-04-21,33.00267028808594,67.79348754882812,60.30952835083008
2017-04-24,33.32047653198242,70.1837387084961,61.33588790893555
2017-04-25,33.52692413330078,70.7933349609375,61.69010543823242
2017-04-26,33.32976150512695,70.9297103881836,61.60836410522461
2017-04-27,33.355262756347656,70.27196502685547,62.00800323486328
2017-04-28,33.322792053222656,69.7826919555664,62.18058776855469
2017-05-01,34.00246047973633,69.830810546875,63.0434455871582
2017-05-02,34.21820831298828,69.38165283203125,62.94352722167969
2017-05-03,34.11381149291992,69.7826919555664,62.74372100830078
2017-05-04,33.99087142944336,69.86289978027344,62.49848937988281
2017-05-05,34.55455780029297,69.7826919555664,62.67107009887695
2017-05-08,35.49404525756836,69.86289978027344,62.61656951904297
2017-05-09,35.72138595581055,69.58216094970703,62.7073860168457
2017-05-10,35.552040100097656,70.12760162353516,62.95261764526367
2017-05-11,35.85951232910156,69.91101837158203,62.18058776855469
2017-05-12,36.360313415527344,69.71851348876953,62.10792922973633
2017-05-15,36.26713943481445,70.05542755126953,62.15336227416992
2017-05-16,36.21355056762695,70.27196502685547,63.404815673828125
2017-05-17,34.99766540527344,67.59295654296875,61.64181137084961
2017-05-18,35.53107833862305,67.34429931640625,61.851890563964844
2017-05-19,35.65220260620117,68.00202941894531,61.83363723754883
2017-05-22,35.86882400512695,67.9378662109375,62.527854919433594
2017-05-23,35.8245735168457,68.7880859375,62.737979888916016
2017-05-24,35.71741485595703,68.74797058105469,62.82019805908203
2017-05-25,35.840877532958984,68.459228515625,63.59663772583008
2017-05-26,35.78031539916992,68.46723175048828,63.90721893310547
2017-05-30,35.794288635253906,67.29618072509766,64.31831359863281
2017-05-31,35.58231735229492,65.89250183105469,63.79759979248047
2017-06-01,35.680152893066406,66.62242126464844,64.03511047363281
2017-06-02,36.208900451660156,66.28551483154297,65.55150604248047
2017-06-05,35.85485076904297,66.40585327148438,66.02651977539062
2017-06-06,35.97596740722656,66.54219055175781,66.24574279785156
2017-06-07,36.19028091430664,67.3042221069336,66.12698364257812
2017-06-08,36.10176467895508,68.13836669921875,65.72504425048828
2017-06-09,34.701839447021484,69.75061798095703,64.23606872558594
2017-06-12,33.87261199951172,69.76664733886719,63.74279022216797
2017-06-13,34.14514923095703,69.99925231933594,64.53751373291016
2017-06-14,33.81205749511719,69.85488891601562,64.1904067993164
2017-06-15,33.609397888183594,69.43778228759766,63.85243606567383
2017-06-16,33.138893127441406,69.12496185302734,63.94377136230469
2017-06-19,34.0869140625,70.64093017578125,64.7385025024414
2017-06-20,33.777122497558594,70.19978332519531,63.86156463623047
2017-06-21,33.97743606567383,69.87895202636719,64.1904067993164
2017-06-22,33.921531677246094,69.7987289428711,64.1812744140625
2017-06-23,34.072940826416016,69.67037200927734,65.04906463623047
2017-06-26,33.96579360961914,69.97520446777344,64.42792510986328
2017-06-27,33.47895812988281,70.62492370605469,63.22212219238281
2017-06-28,33.968116760253906,72.04460144042969,63.761085510253906
2017-06-29,33.46731948852539,73.11141204833984,62.56438446044922
2017-06-30,33.54651641845703,73.31195068359375,62.9663200378418
2017-07-03,33.42538833618164,74.80396270751953,62.2720947265625
2017-07-05,33.56282043457031,75.55403900146484,63.10335922241211
2017-07-06,33.246036529541016,75.31208801269531,62.637489318847656
2017-07-07,33.583778381347656,75.6911392211914,63.45048522949219
2017-07-10,33.78876495361328,75.15884399414062,63.92549514770508
2017-07-11,33.89822769165039,74.86851501464844,63.93464279174805
2017-07-12,33.94716262817383,74.61042785644531,64.9942855834961
2017-07-13,34.42000961303711,75.08627319335938,65.56062316894531
2017-07-14,34.7158203125,74.4007339477539,66.4832534790039
2017-07-17,34.83693313598633,73.70711517333984,67.00393676757812
2017-07-18,34.958065032958984,73.44905090332031,66.9582748413086
2017-07-19,35.1770133972168,73.55387878417969,67.4698257446289
2017-07-20,35.01863479614258,73.55387878417969,67.79866790771484
2017-07-21,35.0023193359375,73.30387115478516,67.40584564208984
2017-07-24,35.42626190185547,73.61841583251953,67.23230743408203
2017-07-25,35.57767105102539,74.84430694580078,67.77125549316406
2017-07-26,35.74536895751953,74.14263916015625,67.64337158203125
2017-07-27,35.06988525390625,73.83614349365234,66.83038330078125
2017-07-28,34.82296371459961,73.61841583251953,66.72076416015625
2017-07-31,34.64360809326172,74.03781127929688,66.41017150878906
2017-08-01,34.95108413696289,75.02980041503906,66.30055236816406
2017-08-02,36.60255813598633,75.09432220458984,66.00822448730469
2017-08-03,36.236854553222656,74.60235595703125,65.90775299072266
2017-08-04,36.427860260009766,75.53791809082031,66.39189147949219
2017-08-07,36.99155044555664,75.82823944091797,66.1361312866211
2017-08-08,37.28737258911133,75.55403900146484,66.49237823486328
2017-08-09,37.5156364440918,75.43305206298828,66.2000732421875
2017-08-10,36.32069396972656,74.35232543945312,65.23175811767578
2017-08-11,36.82579040527344,73.7313003540039,66.22750091552734
2017-08-14,37.380008697509766,74.59427642822266,67.22315216064453
2017-08-15,37.78922653198242,74.78784942626953,67.24152374267578
2017-08-16,37.637229919433594,74.27167510986328,67.63642883300781
2017-08-17,36.9146614074707,73.11030578613281,66.48847961425781
2017-08-18,36.830482482910156,73.18289947509766,66.57113647460938
2017-08-21,36.762672424316406,73.09416198730469,66.2589111328125
2017-08-22,37.363643646240234,73.84423065185547,67.18644714355469
2017-08-23,37.410404205322266,73.93293762207031,66.78234100341797
2017-08-24,37.24437713623047,73.81195068359375,66.75479888916016
2017-08-25,37.38233947753906,74.11036682128906,66.87419128417969
2017-08-28,37.75883483886719,73.87649536132812,66.88338470458984
2017-08-29,38.0955810546875,73.47322845458984,67.08541870117188
2017-08-30,38.198463439941406,73.64260864257812,67.96704864501953
2017-08-31,38.35044860839844,73.30387115478516,68.66497802734375
2017-09-01,38.3621711730957,73.9571533203125,67.90274810791016
2017-09-05,37.9014778137207,72.19087219238281,67.59967803955078
2017-09-06,37.861732482910156,72.6747817993164,67.40685272216797
2017-09-07,37.70973205566406,71.40050506591797,68.27009582519531
2017-09-08,37.0947265625,71.31175994873047,67.93949127197266
2017-09-11,37.76585006713867,72.41670227050781,68.65579223632812
2017-09-12,37.61619186401367,73.30387115478516,68.58231353759766
2017-09-13,37.33323669433594,73.51356506347656,69.06904602050781
2017-09-14,37.01287841796875,73.3683853149414,68.66497802734375
2017-09-15,37.38701629638672,73.89262390136719,69.16088104248047
2017-09-18,37.104068756103516,74.94108581542969,69.02314758300781
2017-09-19,37.11809539794922,75.76372528076172,69.28026580810547
2017-09-20,36.49608612060547,76.29603576660156,68.82110595703125
2017-09-21,35.86937713623047,76.64282989501953,68.15069580078125
2017-09-22,35.518611907958984,76.48152160644531,68.33438110351562
2017-09-25,35.205257415771484,75.90892028808594,67.27828979492188
2017-09-26,35.810916900634766,75.57015228271484,67.27828979492188
2017-09-27,36.06581497192383,76.76378631591797,67.82009887695312
2017-09-28,35.843666076660156,76.92509460449219,67.8384780883789
2017-09-29,36.04008865356445,77.02995300292969,68.40782928466797
2017-10-02,35.967594146728516,78.10261535644531,68.5180435180664
2017-10-03,36.12425994873047,78.51393127441406,68.19662475585938
2017-10-04,35.89041519165039,77.71549224853516,68.59151458740234
2017-10-05,36.337059020996094,78.761962890625,69.76697540283203
2017-10-06,36.31601333618164,78.6240463256836,69.7945556640625
2017-10-09,36.44228744506836,78.21033477783203,70.06086730957031
2017-10-10,36.45632553100586,78.79438781738281,70.06086730957031
2017-10-11,36.608314514160156,78.55919647216797,70.18023681640625
2017-10-12,36.479713439941406,77.86962127685547,70.8230972290039
2017-10-13,36.71120834350586,77.76416015625,71.16287231445312
2017-10-16,37.38701629638672,79.37036895751953,71.3098373413086
2017-10-17,37.52499771118164,79.19192504882812,71.25473022460938
2017-10-18,37.35896682739258,79.49208068847656,71.27308654785156
2017-10-19,36.47502517700195,79.58943939208984,71.548583984375
2017-10-20,36.53817367553711,80.7251205444336,72.37510681152344
2017-10-23,36.519466400146484,80.58724212646484,72.39348602294922
2017-10-24,36.736942291259766,81.86896514892578,72.42103576660156
2017-10-25,36.575584411621094,81.9500961303711,72.20980834960938
2017-10-26,36.80942916870117,82.5341567993164,72.32919311523438
2017-10-27,38.12831497192383,82.55850982666016,76.96685028076172
2017-10-30,38.98652267456055,82.2664794921875,77.04032135009766
2017-10-31,39.52903747558594,81.61746978759766,76.38829803466797
2017-11-01,39.02627182006836,81.86896514892578,76.38829803466797
2017-11-02,39.31156921386719,82.4124984741211,77.18726348876953
2017-11-03,40.338130950927734,82.2664794921875,77.26990509033203
2017-11-06,40.74736022949219,81.75537109375,77.57298278808594
2017-11-07,40.87832260131836,80.1086196899414,77.38928985595703
2017-11-08,41.212730407714844,79.20812225341797,77.6556167602539
2017-11-09,41.12853240966797,79.20002746582031,77.22399139404297
2017-11-10,40.992408752441406,79.10269165039062,77.02197265625
2017-11-13,40.82814025878906,79.38660430908203,77.07705688476562
2017-11-14,40.21092224121094,78.90799713134766,77.18726348876953
2017-11-15,39.68052291870117,79.6543197631836,76.58734130859375
2017-11-16,40.15459442138672,79.8814697265625,76.79037475585938
2017-11-17,39.93164825439453,79.6137466430664,76.052001953125
2017-11-20,39.891746520996094,80.31953430175781,76.1719970703125
2017-11-21,40.63335418701172,80.25463104248047,77.27030944824219
2017-11-22,41.06047821044922,80.01937866210938,76.70730590820312
2017-11-24,41.06283187866211,79.75978088378906,76.84574890136719
2017-11-27,40.856285095214844,79.4433822631836,77.40878295898438
2017-11-28,40.61692810058594,82.22589874267578,78.3409423828125
2017-11-29,39.774391174316406,84.14852905273438,76.91960906982422
2017-11-30,40.33060836791992,84.78936767578125,77.68563842773438
2017-12-01,40.142852783203125,85.00843048095703,77.76871490478516
2017-12-04,39.8494873046875,86.76065063476562,74.83372497558594
2017-12-05,39.81195068359375,85.76285552978516,75.3044204711914
2017-12-06,39.66410446166992,85.1219711303711,76.40274810791016
2017-12-07,39.736846923828125,84.87049102783203,76.13507080078125
2017-12-08,39.74858856201172,85.93318939208984,77.67642974853516
2017-12-11,40.52305221557617,85.68173217773438,78.66400146484375
2017-12-12,40.29541015625,86.6795425415039,78.98702239990234
2017-12-13,40.429176330566406,85.5925064086914,78.7747573852539
2017-12-14,40.41743469238281,84.9029541015625,78.16560363769531
2017-12-15,40.82814025878906,86.10356903076172,80.1591796875
2017-12-18,41.403114318847656,86.76874542236328,79.72539520263672
2017-12-19,40.961910247802734,86.4037094116211,79.2177734375
2017-12-20,40.91732406616211,86.10356903076172,78.93164825439453
2017-12-21,41.07221221923828,87.47454071044922,78.91319274902344
2017-12-22,41.07221221923828,87.1662826538086,78.92243957519531
2017-12-26,40.030216217041016,86.81744384765625,78.8208999633789
2017-12-27,40.03724670410156,86.97969055175781,79.10701751708984
2017-12-28,40.14989471435547,87.44207000732422,79.11626434326172
2017-12-29,39.715721130371094,86.7525634765625,78.95011901855469
2018-01-02,40.42682647705078,87.57189178466797,79.32852172851562
2018-01-03,40.41978073120117,87.6611099243164,79.69771575927734
2018-01-04,40.6075439453125,88.91691589355469,80.39916229248047
2018-01-05,41.06985855102539,88.34609985351562,81.39596557617188
2018-01-08,40.91732406616211,88.47654724121094,81.47904205322266
2018-01-09,40.912628173828125,88.92508697509766,81.42365264892578
2018-01-10,40.903228759765625,89.90362548828125,81.05445098876953
2018-01-11,41.13556671142578,90.38471984863281,81.29444122314453
2018-01-12,41.56035232543945,91.87699890136719,82.69734954833984
2018-01-16,41.3491325378418,91.55083465576172,81.54361724853516
2018-01-17,42.032073974609375,92.1379623413086,83.19573974609375
2018-01-18,42.06962585449219,92.35813903808594,83.15880584716797
2018-01-19,41.88188552856445,92.15424346923828,83.06651306152344
2018-01-22,41.53923034667969,93.23065948486328,84.55249786376953
2018-01-23,41.54861068725586,93.1327896118164,84.82015228271484
2018-01-24,40.88680648803711,94.3233642578125,84.7463150024414
2018-01-25,40.15693283081055,94.34782409667969,85.21700286865234
2018-01-26,40.25080871582031,94.85340118408203,86.81372833251953
2018-01-29,39.417686462402344,94.75556945800781,86.68453216552734
2018-01-30,39.18533706665039,93.86670684814453,85.5954360961914
2018-01-31,39.29328536987305,94.3233642578125,87.69054412841797
2018-02-01,39.37543487548828,95.3019027709961,86.99833679199219
2018-02-02,37.666927337646484,93.18988800048828,84.70938873291016
2018-02-05,36.72584533691406,88.7212142944336,81.22059631347656
2018-02-06,38.26068115234375,91.42035675048828,84.29405975341797
2018-02-07,37.44163131713867,92.04011535644531,82.70655059814453
2018-02-08,36.411354064941406,87.97100067138672,78.46096801757812
2018-02-09,36.856727600097656,89.73235321044922,81.38674926757812
2018-02-12,38.34126663208008,91.1186294555664,82.26353454589844
2018-02-13,38.725364685058594,91.68128967285156,82.90963745117188
2018-02-14,39.43935775756836,93.80147552490234,84.20784759521484
2018-02-15,40.76367950439453,94.19288635253906,85.92333984375
2018-02-16,40.63170623779297,93.51605224609375,85.3113021850586
2018-02-20,40.49504089355469,93.54053497314453,85.97897338867188
2018-02-21,40.311241149902344,93.93193817138672,84.8384017944336
2018-02-22,40.64820861816406,93.76071166992188,85.06095123291016
2018-02-23,41.355133056640625,95.66070556640625,87.22154235839844
2018-02-26,42.172813415527344,96.85125732421875,88.48268127441406
2018-02-27,42.03614044189453,95.70148468017578,87.35136413574219
2018-02-28,41.97249984741211,94.18475341796875,86.9526138305664
2018-03-01,41.237308502197266,92.49673461914062,86.09952545166016
2018-03-02,41.52244567871094,92.40707397460938,86.28497314453125
2018-03-05,41.66617965698242,93.82595825195312,86.83208465576172
2018-03-06,41.63083267211914,93.9074935913086,86.53536987304688
2018-03-07,41.2443733215332,93.55683898925781,87.03608703613281
2018-03-08,41.6944580078125,93.56498718261719,87.56463623046875
2018-03-09,42.41080093383789,96.25598907470703,89.52124786376953
2018-03-12,42.820831298828125,95.94613647460938,89.73451232910156
2018-03-13,42.40843963623047,94.79631805419922,87.54608154296875
2018-03-14,42.047916412353516,93.73623657226562,87.02682495117188
2018-03-15,42.09739685058594,93.97272491455078,87.33280944824219
2018-03-16,41.94894790649414,94.13581848144531,87.72227478027344
2018-03-19,41.30799865722656,93.39374542236328,86.1366195678711
2018-03-20,41.293861389160156,93.48343658447266,86.3591537475586
2018-03-21,40.35835266113281,93.56498718261719,85.75639343261719
2018-03-22,39.78812026977539,89.65897369384766,83.26200103759766
2018-03-23,38.86676025390625,87.26154327392578,80.84175109863281
2018-03-26,40.71183395385742,89.95252990722656,86.96190643310547
2018-03-27,39.667938232421875,88.20746612548828,82.96527099609375
2018-03-28,39.22963333129883,88.06886291503906,82.8910903930664
2018-03-29,39.53597640991211,89.67528533935547,84.63439178466797
2018-04-02,39.276771545410156,87.946533203125,82.08433532714844
2018-04-03,39.679710388183594,89.15339660644531,83.18779754638672
2018-04-04,40.438480377197266,90.50704956054688,85.61731719970703
2018-04-05,40.718902587890625,91.69546508789062,85.66371154785156
2018-04-06,39.6773567199707,89.4087905883789,83.66999816894531
2018-04-09,40.070884704589844,90.48246002197266,84.17074584960938
2018-04-10,40.82493591308594,92.2117919921875,86.12733459472656
2018-04-11,40.63405227661133,90.66277313232422,85.18148803710938
2018-04-12,41.03466033935547,92.91663360595703,86.77643585205078
2018-04-13,41.17369079589844,90.40049743652344,86.31280517578125
2018-04-16,41.430538177490234,90.32673645019531,87.32355499267578
2018-04-17,42.000789642333984,90.32673645019531,89.08541107177734
2018-04-18,41.90653610229492,89.5972900390625,89.42852020263672
2018-04-19,40.718902587890625,91.56432342529297,89.12250518798828
2018-04-20,39.0505485534668,91.3593978881836,88.09320068359375
2018-04-23,38.93745040893555,90.91683959960938,88.41776275634766
2018-04-24,38.39547348022461,90.49066162109375,86.34989166259766
2018-04-25,38.562767028808594,90.14643096923828,85.59876251220703
2018-04-26,38.69709396362305,90.23657989501953,87.40701293945312
2018-04-27,38.249366760253906,89.66288757324219,88.85359191894531
2018-04-30,38.94215393066406,89.15472412109375,86.72081756591797
2018-05-01,39.84702682495117,89.15472412109375,88.09320068359375
2018-05-02,41.607276916503906,88.44986724853516,86.71155548095703
2018-05-03,41.68267059326172,87.8925552368164,87.2308349609375
2018-05-04,43.31801986694336,88.86787414550781,88.24156951904297
2018-05-07,43.63142395019531,89.6382827758789,89.22452545166016
2018-05-08,43.84115982055664,90.96602630615234,88.84432983398438
2018-05-09,44.149837493896484,92.94943237304688,89.89212799072266
2018-05-10,44.78135681152344,93.670654296875,90.79165649414062
2018-05-11,44.611045837402344,93.3182373046875,90.59690856933594
2018-05-14,44.5069580078125,93.35101318359375,90.90290832519531
2018-05-15,44.10244369506836,92.6379623413086,90.24455261230469
2018-05-16,44.514060974121094,92.89204406738281,90.47737121582031
2018-05-17,44.23257064819336,92.58061218261719,89.57398223876953
2018-05-18,44.07170486450195,91.08074951171875,89.74163055419922
2018-05-21,44.383949279785156,91.91673278808594,90.8964614868164
2018-05-22,44.27277374267578,92.62157440185547,90.80333709716797
2018-05-23,44.556644439697266,92.19541931152344,91.88367462158203
2018-05-24,44.5069580078125,91.16270446777344,91.55767059326172
2018-05-25,44.60868453979492,90.69554138183594,91.60425567626953
2018-05-29,44.44782638549805,86.81890106201172,91.27830505371094
2018-05-30,44.35321044921875,88.80229949951172,92.15372467041016
2018-05-31,44.20417785644531,87.7040786743164,92.05130004882812
2018-06-01,45.0013542175293,88.84327697753906,93.86735534667969
2018-06-04,45.377471923828125,88.88426208496094,94.68692016601562
2018-06-05,45.727569580078125,88.38432312011719,95.17120361328125
2018-06-06,45.88604736328125,90.4496841430664,95.45059967041016
2018-06-07,45.76304244995117,90.81028747558594,93.95117950439453
2018-06-08,45.346710205078125,91.06434631347656,94.64966583251953
2018-06-11,45.23554229736328,90.83489990234375,94.10948181152344
2018-06-12,45.48391342163086,90.31034088134766,94.35165405273438
2018-06-13,45.11016082763672,90.13003540039062,93.92322540283203
2018-06-14,45.133819580078125,88.54003143310547,94.45407104492188
2018-06-15,44.67018508911133,88.4334945678711,93.252685546875
2018-06-18,44.646522521972656,88.66297149658203,93.93255615234375
2018-06-19,43.92504119873047,88.14665222167969,93.93255615234375
2018-06-20,44.11664581298828,88.13841247558594,94.8731918334961
2018-06-21,43.870643615722656,88.11385345458984,94.19332885742188
2018-06-22,43.7429084777832,86.6713638305664,93.51346588134766
2018-06-25,43.092384338378906,85.88457489013672,91.63219451904297
2018-06-26,43.626991271972656,85.94193267822266,92.27481079101562
2018-06-27,43.56312561035156,84.61420440673828,90.84058380126953
2018-06-28,43.880104064941406,85.99930572509766,91.85569763183594
2018-06-29,43.7878532409668,85.40100860595703,91.83708953857422
2018-07-02,44.27750015258789,86.12225341796875,93.14093017578125
2018-07-03,43.506351470947266,84.91747283935547,92.24685668945312
2018-07-05,43.856441497802734,85.4695816040039,92.9081039428711
2018-07-06,44.464378356933594,85.7497329711914,94.21196746826172
2018-07-09,45.081783294677734,88.40316009521484,94.85453796386719
2018-07-10,45.027374267578125,87.85928344726562,95.10601043701172
2018-07-11,44.44309997558594,87.66974639892578,94.97561645507812
2018-07-12,45.18822479248047,88.04882049560547,97.03384399414062
2018-07-13,45.25919723510742,87.64502716064453,98.18864440917969
2018-07-16,45.15983963012695,91.12250518798828,97.70437622070312
2018-07-17,45.28757095336914,91.05656433105469,98.6729507446289
2018-07-18,45.03919982910156,91.90534210205078,97.89996337890625
2018-07-19,45.3892936706543,90.55391693115234,97.2293930053711
2018-07-20,45.285213470458984,91.69932556152344,98.9709701538086
2018-07-23,45.32542419433594,93.40509033203125,100.55420684814453
2018-07-24,45.65423583984375,94.0643081665039,100.26549530029297
2018-07-25,46.08475875854492,94.91307830810547,103.21776580810547
2018-07-26,45.940460205078125,94.64115142822266,102.09086608886719
2018-07-27,45.17639923095703,95.613525390625,100.28413391113281
2018-07-30,44.92329406738281,96.19035339355469,98.13278198242188
2018-07-31,45.013179779052734,94.72354888916016,98.79402160644531
2018-08-01,47.66490936279297,95.30860900878906,98.98028564453125
2018-08-02,49.058197021484375,95.71239471435547,100.1816635131836
2018-08-03,49.20013427734375,96.48699188232422,100.61941528320312
2018-08-06,49.45560073852539,96.51172637939453,100.70320892333984
2018-08-07,48.9919548034668,96.86607360839844,101.40169525146484
2018-08-08,49.02507400512695,97.0638427734375,101.96981048583984
2018-08-09,49.4106559753418,96.31396484375,102.13743591308594
2018-08-10,49.26346969604492,95.36631774902344,101.51345825195312
2018-08-13,49.5815544128418,93.85005950927734,100.77772521972656
2018-08-14,49.790462493896484,94.4763412475586,102.03499603271484
2018-08-15,49.90678024291992,93.6935043334961,100.65135192871094
2018-08-16,50.63791275024414,94.5752182006836,100.63264465332031
2018-08-17,51.649147033691406,94.5752182006836,100.5765609741211
2018-08-20,51.14590072631836,94.45162963867188,99.91280364990234
2018-08-21,51.046199798583984,95.0284423828125,99.0807113647461
2018-08-22,51.048583984375,94.74003601074219,100.09040069580078
2018-08-23,51.15302658081055,94.54225158691406,100.55785369873047
2018-08-24,51.31205368041992,94.50106048583984,101.34317016601562
2018-08-27,51.73460006713867,96.1738510131836,102.46505737304688
2018-08-28,52.152381896972656,95.70417785644531,103.08208465576172
2018-08-29,52.93098068237305,95.39103698730469,104.7275161743164
2018-08-30,53.41762924194336,94.92132568359375,104.66206359863281
2018-08-31,54.034820556640625,94.41864776611328,105.01734161376953
2018-09-04,54.208106994628906,94.88835144042969,104.43769836425781
2018-09-05,53.85441589355469,94.4269027709961,101.42732238769531
2018-09-06,52.959495544433594,94.02312469482422,101.66104125976562
2018-09-07,52.53219985961914,94.20440673828125,101.16554260253906
2018-09-10,51.82718276977539,93.70174407958984,102.25934600830078
2018-09-11,53.13752746582031,94.29505157470703,103.99829864501953
2018-09-12,52.47760772705078,93.18258666992188,104.43769836425781
2018-09-13,53.745208740234375,93.54517364501953,105.55958557128906
2018-09-14,53.135154724121094,93.52867889404297,105.98961639404297
2018-09-17,51.72035598754883,93.80885314941406,104.83970642089844
2018-09-18,51.80582046508789,94.18793487548828,105.84004974365234
2018-09-19,51.836673736572266,96.92375183105469,104.4283447265625
2018-09-20,52.230735778808594,97.75601959228516,106.17662048339844
2018-09-21,51.66813659667969,97.11326599121094,106.82170104980469
2018-09-24,52.411128997802734,96.18209075927734,107.20500946044922
2018-09-25,52.74346923828125,95.91016387939453,106.99932098388672
2018-09-26,52.323307037353516,94.7812271118164,106.55990600585938
2018-09-27,53.39863204956055,94.36920928955078,106.96192932128906
2018-09-28,53.58616638183594,92.98481750488281,106.9245376586914
2018-10-01,53.94698715209961,93.52867889404297,108.08381652832031
2018-10-02,54.426490783691406,93.9159927368164,107.65375518798828
2018-10-03,55.088783264160156,94.7977294921875,107.67245483398438
2018-10-04,54.120269775390625,95.65243530273438,105.4473876953125
2018-10-05,53.241966247558594,95.11305236816406,104.8303451538086
2018-10-08,53.1185302734375,95.69390106201172,103.63368225097656
2018-10-09,53.85441589355469,95.03005981445312,104.95189666748047
2018-10-10,51.35953903198242,92.49913787841797,99.24899291992188
2018-10-11,50.906150817871094,89.72758483886719,99.01528930664062
2018-10-12,52.72447204589844,88.74835968017578,102.4369888305664
2018-10-15,51.59691619873047,88.24219512939453,100.59525299072266
2018-10-16,52.733978271484375,90.1341552734375,103.77391052246094
2018-10-17,52.50608444213867,91.13825225830078,103.50279998779297
2018-10-18,51.27883529663086,89.69436645507812,101.43667602539062
2018-10-19,52.05982208251953,89.54500579833984,101.58625793457031
2018-10-22,52.37791061401367,88.25880432128906,102.49311828613281
2018-10-23,52.87164306640625,87.33771514892578,101.06271362304688
2018-10-24,51.058074951171875,85.71127319335938,95.65899658203125
2018-10-25,52.17613220214844,87.0140609741211,101.24970245361328
2018-10-26,51.345298767089844,85.81914520263672,99.99691772460938
2018-10-29,50.38154983520508,87.00579833984375,97.0893783569336
2018-10-30,50.633155822753906,88.54090881347656,96.9771957397461
2018-10-31,51.952999114990234,90.46609497070312,99.85668182373047
2018-11-01,52.750587463378906,90.43290710449219,99.02462768554688
2018-11-02,49.2515983581543,89.93502044677734,99.24899291992188
2018-11-05,47.85344314575195,90.52417755126953,100.51111602783203
2018-11-06,48.37092971801758,90.94738006591797,100.70744323730469
2018-11-07,49.83793258666992,92.5074234008789,104.67142486572266
2018-11-08,49.664039611816406,93.25425720214844,104.47508239746094
2018-11-09,48.706443786621094,92.3497543334961,102.4369888305664
2018-11-12,46.252906799316406,90.40799713134766,99.91280364990234
2018-11-13,45.79077911376953,90.93909454345703,99.97824096679688
2018-11-14,44.49729919433594,89.0637435913086,98.5604476928711
2018-11-15,45.59544372558594,91.3373794555664,100.72936248779297
2018-11-16,46.10044479370117,91.27100372314453,101.67770385742188
2018-11-19,44.27339553833008,91.96806335449219,98.23180389404297
2018-11-20,42.15810775756836,89.99311828613281,95.49947357177734
2018-11-21,42.11045837402344,89.3209457397461,96.81401062011719
2018-11-23,41.04090118408203,88.49942779541016,96.77643585205078
2018-11-26,41.59592819213867,90.66525268554688,99.9688491821289
2018-11-27,41.50542068481445,91.04695129394531,100.5979232788086
2018-11-28,43.10141372680664,92.05934143066406,104.33490753173828
2018-11-29,42.770301818847656,91.32908630371094,103.461669921875
2018-11-30,42.53923034667969,92.26679229736328,104.11893463134766
2018-12-03,44.025665283203125,93.13809204101562,105.24565124511719
2018-12-04,42.08902359008789,88.9807357788086,101.8936538696289
2018-12-06,41.619754791259766,87.28791046142578,102.52277374267578
2018-12-07,40.13572311401367,85.71127319335938,98.41960906982422
2018-12-10,40.40011978149414,84.1097412109375,101.02043914794922
2018-12-11,40.169071197509766,83.2882308959961,101.9593734741211
2018-12-12,40.2810173034668,83.82762908935547,102.4194564819336
2018-12-13,40.72170639038086,83.91057586669922,102.76687622070312
2018-12-14,39.418704986572266,83.22183990478516,99.55570220947266
2018-12-17,39.05186462402344,82.1596908569336,96.6074447631836
2018-12-18,39.55924987792969,81.76966857910156,97.6214828491211
2018-12-19,38.3253288269043,80.73240661621094,97.35860443115234
2018-12-20,37.35820770263672,80.03536224365234,95.31169128417969
2018-12-21,35.90514373779297,78.14337921142578,92.23197937011719
2018-12-24,34.97612380981445,76.4588851928711,88.38232421875
2018-12-26,37.43918228149414,79.6287612915039,94.4197006225586
2018-12-27,37.196224212646484,80.52495574951172,95.00186157226562
2018-12-28,37.21527862548828,80.35069274902344,94.26006317138672
2018-12-31,37.57497024536133,81.00624084472656,95.36803436279297
2019-01-02,37.61784744262695,82.40862274169922,94.94551086425781
2019-01-03,33.87083435058594,81.2374496459961,91.4526596069336
2019-01-04,35.3167610168457,84.2322998046875,95.70604705810547
2019-01-07,35.2381591796875,84.29084777832031,95.82810974121094
2019-01-08,35.9099006652832,84.13191986083984,96.52293395996094
2019-01-09,36.51970291137695,83.98970794677734,97.90316772460938
2019-01-10,36.636436462402344,83.9813461303711,97.2740707397461
2019-01-11,36.2767448425293,83.57978820800781,96.52293395996094
2019-01-14,35.73124694824219,84.44143676757812,95.81873321533203
2019-01-15,36.46254348754883,85.06048583984375,98.5979995727539
2019-01-16,36.90800476074219,85.7464599609375,98.94538116455078
2019-01-17,37.12715148925781,86.09780883789062,99.64020538330078
2019-01-18,37.3558235168457,87.49484252929688,101.13312530517578
2019-01-22,36.5173225402832,86.11454010009766,99.22708129882812
2019-01-23,36.66501998901367,85.89704895019531,100.19416046142578
2019-01-24,36.3744010925293,85.94721984863281,99.71531677246094
2019-01-25,37.579742431640625,86.49098205566406,100.62608337402344
2019-01-28,37.23194885253906,86.9009017944336,98.66371154785156
2019-01-29,36.84606170654297,87.14350128173828,96.65438079833984
2019-01-30,39.363922119140625,87.34426879882812,99.88433074951172
2019-01-31,39.64738464355469,86.58301544189453,98.05341339111328
2019-02-01,39.666439056396484,86.9009017944336,96.5041275024414
2019-02-04,40.79316329956055,87.2104263305664,99.28340911865234
2019-02-05,41.49110412597656,86.82560729980469,100.67303466796875
2019-02-06,41.50542068481445,86.78377532958984,99.55570220947266
2019-02-07,40.719322204589844,85.64607238769531,98.84209442138672
2019-02-08,40.76716613769531,84.79277801513672,99.21766662597656
2019-02-11,40.53271484375,84.39122772216797,98.82331848144531
2019-02-12,40.88199996948242,85.83012390136719,100.36318969726562
2019-02-13,40.7121467590332,86.2400131225586,100.28807067871094
2019-02-14,40.86046600341797,85.67953491210938,100.3725814819336
2019-02-15,40.76956558227539,88.2979507446289,101.61199188232422
2019-02-19,40.89156723022461,87.98839569091797,101.56503295898438
2019-02-20,41.154720306396484,88.41505432128906,101.0369644165039
2019-02-21,40.922672271728516,88.23101806640625,103.16802978515625
2019-02-22,41.37958908081055,87.83785247802734,104.6390609741211
2019-02-25,41.681034088134766,88.75804901123047,105.22366333007812
2019-02-26,41.70494842529297,88.08042907714844,105.94975280761719
2019-02-27,41.83413314819336,87.97168731689453,105.77056884765625
2019-02-28,41.422664642333984,87.30244445800781,105.6385726928711
2019-03-01,41.858062744140625,87.36100006103516,106.11003875732422
2019-03-04,42.0685920715332,87.16023254394531,105.85546112060547
2019-03-05,41.992027282714844,87.09327697753906,105.32738494873047
2019-03-06,41.75040054321289,86.76705169677734,105.3745346069336
2019-03-07,41.26716232299805,86.1396484375,104.09213256835938
2019-03-08,41.36524963378906,86.17308807373047,104.20527648925781
2019-03-11,42.79822540283203,87.29405975341797,106.39291381835938
2019-03-12,43.27908706665039,87.03475189208984,107.13785552978516
2019-03-13,43.4704704284668,87.32754516601562,107.9676513671875
2019-03-14,43.95370101928711,88.12223815917969,108.05250549316406
2019-03-15,44.525474548339844,89.1344985961914,109.2972183227539
2019-03-18,44.98001480102539,89.66988372802734,110.8625259399414
2019-03-19,44.62355041503906,89.34364318847656,110.93793487548828
2019-03-20,45.01350402832031,87.43626403808594,110.81533813476562
2019-03-21,46.67136001586914,86.05598449707031,113.36132049560547
2019-03-22,45.704872131347656,83.4543228149414,110.37217712402344
2019-03-25,45.15225601196289,82.75997924804688,110.9473648071289
2019-03-26,44.685760498046875,83.5881576538086,111.18312072753906
2019-03-27,45.087669372558594,83.30374145507812,110.108154296875
2019-03-28,45.1474723815918,84.24900817871094,110.25902557373047
2019-03-29,45.44172668457031,84.68404388427734,111.2114028930664
2019-04-01,45.75033187866211,87.53666687011719,112.22976684570312
2019-04-02,46.41538619995117,87.95496368408203,112.39006805419922
2019-04-03,46.733558654785156,88.13063049316406,113.12557220458984
2019-04-04,46.814903259277344,88.98200225830078,112.55037689208984
2019-04-05,47.1282844543457,88.77127075195312,113.05014038085938
2019-04-08,47.869911193847656,89.05786895751953,113.08787536621094
2019-04-09,47.72636413574219,88.40036010742188,112.47493743896484
2019-04-10,47.99430465698242,88.79656219482422,113.33303833007812
2019-04-11,47.59479522705078,89.54678344726562,113.46504211425781
2019-04-12,47.575653076171875,93.74467468261719,114.04966735839844
2019-04-15,47.66177749633789,92.67414093017578,114.14397430419922
2019-04-16,47.666561126708984,93.6519775390625,113.87992858886719
2019-04-17,48.59477233886719,96.34941864013672,114.82288360595703
2019-04-18,48.76941680908203,95.64131164550781,116.33162689208984
2019-04-22,48.92969512939453,95.75933074951172,116.69935607910156
2019-04-23,49.63542556762695,95.87734985351562,118.28352355957031
2019-04-24,49.558860778808594,95.71720123291016,117.87805938720703
2019-04-25,49.10911178588867,95.76776885986328,121.78187561035156
2019-04-26,48.87467956542969,96.49272155761719,122.47962951660156
2019-04-29,48.948829650878906,97.88358306884766,122.36650848388672
2019-04-30,48.00626754760742,97.82460021972656,123.14913177490234
2019-05-01,50.36267852783203,97.07435607910156,120.58429718017578
2019-05-02,50.034934997558594,97.28509521484375,119.00957489013672
2019-05-03,50.65692901611328,97.88358306884766,121.54612731933594
2019-05-06,49.874656677246094,97.01533508300781,120.83889770507812
2019-05-07,48.530174255371094,95.43059539794922,118.35894012451172
2019-05-08,48.53974914550781,94.92481994628906,118.34952545166016
2019-05-09,48.018226623535156,94.84895324707031,118.34009552001953
2019-05-10,47.35301208496094,94.84052276611328,119.87710571289062
2019-05-13,44.60087585449219,92.26109313964844,116.31275177001953
2019-05-14,45.30693054199219,92.99446868896484,117.61402893066406
2019-05-15,45.84967041015625,92.64041900634766,119.27029418945312
2019-05-16,45.64793395996094,93.82898712158203,122.02439880371094
2019-05-17,45.38856887817383,93.37378692626953,121.21050262451172
2019-05-20,43.96927261352539,93.86268615722656,119.45958709716797
2019-05-21,44.81221389770508,94.1830062866211,120.10315704345703
2019-05-22,43.89484405517578,93.4159164428711,120.83192443847656
2019-05-23,43.14555740356445,91.57831573486328,119.42172241210938
2019-05-24,42.979862213134766,92.48027038574219,119.47850036621094
2019-05-28,42.80214309692383,91.47714233398438,119.40281677246094
2019-05-29,42.59801483154297,91.22427368164062,118.24813079833984
2019-05-30,42.818965911865234,90.2464370727539,118.9958267211914
2019-05-31,42.04326629638672,89.3191909790039,117.05562591552734
2019-06-03,41.61819076538086,89.74068450927734,113.42129516601562
2019-06-04,43.1407585144043,92.50555419921875,116.56349182128906
2019-06-05,43.83720016479492,92.83429718017578,119.09046173095703
2019-06-06,44.480804443359375,93.03660583496094,120.973876953125
2019-06-07,45.66474914550781,92.01663970947266,124.36215209960938
2019-06-10,46.248321533203125,93.0113296508789,125.49784088134766
2019-06-11,46.78385543823242,93.29792785644531,125.02464294433594
2019-06-12,46.63496398925781,92.10936737060547,124.44732666015625
2019-06-13,46.6253547668457,92.33695983886719,125.23287963867188
2019-06-14,46.2867431640625,92.57299041748047,125.35590362548828
2019-06-17,46.56291580200195,92.06720733642578,125.73448181152344
2019-06-18,47.65800857543945,93.32321166992188,127.92074584960938
2019-06-19,47.518714904785156,92.64884185791016,128.42239379882812
2019-06-20,47.90055847167969,92.88487243652344,129.61488342285156
2019-06-21,47.73725128173828,92.25267028808594,129.63381958007812
2019-06-24,47.6892204284668,91.59517669677734,130.40037536621094
2019-06-25,46.96636962890625,90.8365249633789,126.2834243774414
2019-06-26,47.982208251953125,91.44343566894531,126.75663757324219
2019-06-27,47.96780014038086,91.74690246582031,126.96482849121094
2019-06-28,47.53071594238281,94.24203491210938,126.78502655029297
2019-07-01,48.402469635009766,95.8267822265625,128.41287231445312
2019-07-02,48.685848236083984,95.92792510986328,129.26467895507812
2019-07-03,49.08931350708008,95.77513122558594,130.09759521484375
2019-07-05,49.04607391357422,96.34391021728516,129.7189483642578
2019-07-08,48.0350341796875,95.81758117675781,129.6243133544922
2019-07-09,48.32802200317383,96.22506713867188,129.15113830566406
2019-07-10,48.80592727661133,95.94493103027344,130.4666748046875
2019-07-11,48.45050048828125,96.86175537109375,130.9871826171875
2019-07-12,48.82273483276367,97.88044738769531,131.4604034423828
2019-07-15,49.281429290771484,96.69196319580078,131.4604034423828
2019-07-16,49.11091995239258,97.7276611328125,129.7379150390625
2019-07-17,48.834747314453125,96.76835632324219,128.97128295898438
2019-07-18,49.38949966430664,97.34564208984375,129.11325073242188
2019-07-19,48.652225494384766,96.38634490966797,129.3025360107422
2019-07-22,49.76412582397461,97.00605010986328,131.01560974121094
2019-07-23,50.15317916870117,98.78030395507812,131.8295440673828
2019-07-24,50.11235427856445,99.17930603027344,133.1829833984375
2019-07-25,49.716102600097656,98.2284927368164,132.6813507080078
2019-07-26,49.889007568359375,98.66146087646484,133.76976013183594
2019-07-29,50.354896545410156,98.34735107421875,133.4763641357422
2019-07-30,50.138771057128906,98.12664794921875,132.83274841308594
2019-07-31,51.16180419921875,98.47468566894531,128.97128295898438
2019-08-01,50.05470657348633,95.87699890136719,130.66542053222656
2019-08-02,48.99565124511719,95.8685073852539,129.5675506591797
2019-08-05,46.43083190917969,93.01614379882812,125.1287612915039
2019-08-06,47.30977249145508,93.74620819091797,127.47589874267578
2019-08-07,47.799686431884766,91.70880126953125,128.03428649902344
2019-08-08,48.85395812988281,93.2623291015625,131.45094299316406
2019-08-09,48.45137405395508,93.16046142578125,130.33416748046875
2019-08-12,48.32843780517578,91.41170501708984,128.5169677734375
2019-08-13,50.37506103515625,92.82088470458984,131.17648315429688
2019-08-14,48.875640869140625,88.96681213378906,127.22621154785156
2019-08-15,48.63218307495117,89.30638122558594,126.9412841796875
2019-08-16,49.779640197753906,91.44563293457031,129.267822265625
2019-08-19,50.707733154296875,92.26911163330078,131.43289184570312
2019-08-20,50.71013641357422,91.09756469726562,130.3408660888672
2019-08-21,51.25977325439453,91.35226440429688,131.79371643066406
2019-08-22,51.21637725830078,92.29454040527344,130.8346710205078
2019-08-23,48.84913635253906,90.0024642944336,126.66592407226562
2019-08-26,49.777225494384766,90.72406005859375,128.62210083007812
2019-08-27,49.215545654296875,89.76477813720703,128.89749145507812
2019-08-28,49.54580307006836,90.66463470458984,128.72654724121094
2019-08-29,50.384700775146484,92.7190170288086,131.15750122070312
2019-08-30,50.319637298583984,93.2623291015625,130.91064453125
2019-09-03,49.5867919921875,92.1587142944336,129.182373046875
2019-09-04,50.428096771240234,93.27082061767578,130.69219970703125
2019-09-05,51.41404724121094,95.39311981201172,132.99021911621094
2019-09-06,51.40922927856445,95.59686279296875,132.08811950683594
2019-09-09,51.628604888916016,97.9653549194336,130.5877685546875
2019-09-10,52.23849105834961,99.2132568359375,129.22032165527344
2019-09-11,53.8994140625,99.48490905761719,129.25833129882812
2019-09-12,53.77888107299805,100.09611511230469,130.5877685546875
2019-09-13,52.73267364501953,102.06562805175781,130.3978271484375
2019-09-16,53.0098876953125,101.15728759765625,129.45774841308594
2019-09-17,53.20275115966797,100.65643310546875,130.4643096923828
2019-09-18,53.70173645019531,101.66663360595703,131.53732299804688
2019-09-19,53.26542663574219,101.34403228759766,133.95877075195312
2019-09-20,52.48677444458008,100.93657684326172,132.4109649658203
2019-09-23,52.725433349609375,100.9195785522461,132.1260986328125
2019-09-24,52.4747314453125,99.603759765625,130.45481872558594
2019-09-25,53.28229904174805,100.17253875732422,132.3350372314453
2019-09-26,53.007484436035156,99.34908294677734,132.5059356689453
2019-09-27,52.74955749511719,99.93484497070312,130.78717041015625
2019-09-30,53.99102020263672,99.90937805175781,132.0216064453125
2019-10-01,54.140480041503906,98.09269714355469,130.1604461669922
2019-10-02,52.78329086303711,96.14016723632812,127.8624496459961
2019-10-03,53.2316780090332,96.00325775146484,129.41026306152344
2019-10-04,54.72385025024414,98.08267211914062,131.15750122070312
2019-10-07,54.73590850830078,97.86872863769531,130.20790100097656
2019-10-08,54.094688415527344,95.68663787841797,128.8309783935547
2019-10-09,54.72867965698242,96.37976837158203,131.271484375
2019-10-10,55.466331481933594,97.73180389404297,132.08811950683594
2019-10-11,56.94163513183594,99.38335418701172,132.6388397216797
2019-10-14,56.85968017578125,99.64861297607422,132.5154266357422
2019-10-15,56.72709274291992,102.6521987915039,134.43360900878906
2019-10-16,56.49808883666992,102.41258239746094,133.33212280273438
2019-10-17,56.71745300292969,102.98591613769531,132.64840698242188
2019-10-18,56.98985290527344,103.1656265258789,130.48329162597656
2019-10-21,57.978214263916016,105.7242431640625,131.451904296875
2019-10-22,57.84562301635742,106.78532409667969,129.49571228027344
2019-10-23,58.621849060058594,107.06771850585938,130.3218994140625
2019-10-24,58.71828842163086,106.99069213867188,132.88575744628906
2019-10-25,59.441463470458984,107.84642791748047,133.6359405517578
2019-10-28,60.03689193725586,108.2571792602539,136.9215545654297
2019-10-29,58.648372650146484,108.18871307373047,135.6300506591797
2019-10-30,58.64114761352539,107.58970642089844,137.3203582763672
2019-10-31,59.96698760986328,106.89656829833984,136.1428680419922
2019-11-01,61.66889572143555,109.36103820800781,136.4752197265625
2019-11-04,62.07388687133789,110.23390197753906,137.2633819580078
2019-11-05,61.98469161987305,110.47348022460938,137.1779327392578
2019-11-06,62.011199951171875,110.64461517333984,136.7980499267578
2019-11-07,62.726898193359375,111.24362182617188,136.98797607421875
2019-11-08,62.8985595703125,111.56883239746094,138.60232543945312
2019-11-11,63.39665603637695,111.17518615722656,138.7447509765625
2019-11-12,63.33860778808594,110.52482604980469,139.65635681152344
2019-11-13,63.945518493652344,109.94293212890625,139.88421630859375
2019-11-14,63.503021240234375,110.0456314086914,140.59645080566406
2019-11-15,64.25740814208984,110.84142303466797,142.4102020263672
2019-11-18,64.5814208984375,111.77417755126953,142.76148986816406
2019-11-19,64.38556671142578,111.73993682861328,142.80899047851562
2019-11-20,63.63603210449219,110.92701721191406,142.56124877929688
2019-11-21,63.35071563720703,111.1837158203125,142.42787170410156
2019-11-22,63.29509353637695,111.91963195800781,142.53265380859375
2019-11-25,64.40489196777344,112.5186767578125,144.09530639648438
2019-11-26,63.9019775390625,112.67269134521484,144.85757446289062
2019-11-27,64.76033782958984,113.00642395019531,145.13385009765625
2019-11-29,64.61766052246094,112.74968719482422,144.2382354736328
2019-12-02,63.87055587768555,112.50153350830078,142.4945526123047
2019-12-03,62.731727600097656,111.05536651611328,142.26583862304688
2019-12-04,63.285430908203125,113.24601745605469,142.7803955078125
2019-12-05,64.2138900756836,113.86212921142578,142.85662841796875
2019-12-06,65.45427703857422,115.55645751953125,144.5907745361328
2019-12-09,64.53787231445312,115.01734161376953,144.21914672851562
2019-12-10,64.91506958007812,115.0943603515625,144.0000762939453
2019-12-11,65.46875762939453,114.82054138183594,144.54310607910156
2019-12-12,65.6355972290039,118.10651397705078,146.01046752929688
2019-12-13,66.52778625488281,117.07109069824219,147.23959350585938
2019-12-16,67.66661071777344,117.52462768554688,148.19247436523438
2019-12-17,67.79960632324219,118.2434310913086,147.3920440673828
2019-12-18,67.63758087158203,118.12359619140625,147.08717346191406
2019-12-19,67.70527648925781,117.53317260742188,148.36392211914062
2019-12-20,67.56507110595703,117.43901824951172,149.98374938964844
2019-12-23,68.66761016845703,117.4048080444336,149.98374938964844
2019-12-24,68.73290252685547,117.72999572753906,149.9551544189453
2019-12-26,70.09658813476562,118.97933197021484,151.18426513671875
2019-12-27,70.06998443603516,119.06492614746094,151.46060180664062
2019-12-30,70.48585510253906,118.62848663330078,150.15525817871094
2019-12-31,71.00084686279297,119.28739929199219,150.26002502441406
2020-01-02,72.62084197998047,120.73355865478516,153.04232788085938
2020-01-03,71.91481018066406,119.14032745361328,151.13665771484375
2020-01-06,72.48785400390625,119.04559326171875,151.52731323242188
2020-01-07,72.14693450927734,117.02174377441406,150.14572143554688
2020-01-08,73.30752563476562,117.93463134765625,152.537353515625
2020-01-09,74.86463165283203,118.36522674560547,154.44296264648438
2020-01-10,75.03386688232422,117.18534088134766,153.7283172607422
2020-01-13,76.63692474365234,118.15852355957031,155.5767822265625
2020-01-14,75.6020736694336,119.5364761352539,154.48104858398438
2020-01-15,75.27809143066406,117.74515533447266,155.48147583007812
2020-01-16,76.2210464477539,118.20158386230469,158.33047485351562
2020-01-17,77.06489562988281,119.01976776123047,159.21658325195312
2020-01-21,76.5426254272461,117.84850311279297,158.64488220214844
2020-01-22,76.81587219238281,117.710693359375,157.88262939453125
2020-01-23,77.18578338623047,117.59010314941406,158.85452270507812
2020-01-24,76.96334075927734,114.67059326171875,157.2537841796875
2020-01-27,74.70022583007812,113.70606231689453,154.62399291992188
2020-01-28,76.81342315673828,115.77297973632812,157.65394592285156
2020-01-29,78.42132568359375,115.6007308959961,160.1122283935547
2020-01-30,78.30767822265625,117.03034973144531,164.62863159179688
2020-01-31,74.83560943603516,113.99026489257812,162.1989288330078
2020-02-03,74.63008880615234,114.8600845336914,166.153076171875
2020-02-04,77.09391021728516,116.51361846923828,171.62232971191406
2020-02-05,77.72256469726562,118.494384765625,171.41270446777344
2020-02-06,78.63166809082031,118.5116195678711,174.9667510986328
2020-02-07,77.56287384033203,118.13268280029297,175.2144775390625
2020-02-10,77.93123626708984,118.62361145019531,179.79751586914062
2020-02-11,77.46105194091797,118.84752655029297,175.73854064941406
2020-02-12,79.30058288574219,118.84752655029297,175.99578857421875
2020-02-13,78.73588562011719,118.74417877197266,175.04296875
2020-02-14,78.75527954101562,118.3824462890625,176.60557556152344
2020-02-18,77.31321716308594,116.81504821777344,178.39688110351562
2020-02-19,78.43292999267578,118.40827178955078,178.93190002441406
2020-02-20,77.62830352783203,118.40827178955078,176.1994171142578
2020-02-21,75.8711929321289,116.96142578125,170.62930297851562
2020-02-24,72.26725769042969,113.81803894042969,163.2725372314453
2020-02-25,69.81941986083984,108.73684692382812,160.57821655273438
2020-02-26,70.92701721191406,109.06410217285156,162.58457946777344
2020-02-27,66.29064178466797,104.52552795410156,151.12905883789062
2020-02-28,66.25183868408203,99.99554443359375,154.78836059570312
2020-03-02,72.41995239257812,104.65470886230469,165.08779907226562
2020-03-03,70.11994934082031,100.72756958007812,157.17691040039062
2020-03-04,73.37244415283203,103.21646881103516,162.94766235351562
2020-03-05,70.99244689941406,98.15254211425781,158.8584747314453
2020-03-06,70.0496597290039,93.08000183105469,154.36798095703125
2020-03-09,64.50927734375,80.47180938720703,143.9060516357422
2020-03-10,69.15534210205078,86.72421264648438,153.7469482421875
2020-03-11,66.7535400390625,82.64208221435547,146.7818603515625
2020-03-12,60.16132354736328,75.82987976074219,132.8613739013672
2020-03-13,67.36914825439453,89.48873901367188,151.75010681152344
2020-03-16,58.70231246948242,76.09685516357422,129.3836212158203
2020-03-17,61.28345489501953,80.74742126464844,140.0365753173828
2020-03-18,59.783241271972656,72.24722290039062,134.14161682128906
2020-03-19,59.32517623901367,73.46153259277344,136.34864807128906
2020-03-20,55.55888748168945,71.9113540649414,131.22756958007812
2020-03-23,54.37858581542969,68.06171417236328,129.9186553955078
2020-03-24,59.834129333496094,76.15713500976562,141.72772216796875
2020-03-25,59.504520416259766,78.99915313720703,140.3710174560547
2020-03-26,62.63582229614258,84.5022964477539,149.1513671875
2020-03-27,60.042572021484375,78.48240661621094,143.02711486816406
2020-03-30,61.756065368652344,80.52349090576172,153.0877227783203
2020-03-31,61.63003158569336,77.5350570678711,150.6800537109375
2020-04-01,58.387229919433594,72.6520004272461,145.32968139648438
2020-04-02,59.36153030395508,75.36483001708984,148.3392333984375
2020-04-03,58.508419036865234,73.13719177246094,146.9729766845703
2020-04-06,63.612545013427734,77.84476470947266,157.90304565429688
2020-04-07,62.87576675415039,78.87158203125,156.202392578125
2020-04-08,64.48503875732422,82.0563735961914,157.76927185058594
2020-04-09,64.95037841796875,89.41796875,157.77883911132812
2020-04-13,66.22520446777344,85.4413070678711,158.13233947753906
2020-04-14,69.56978607177734,83.10057067871094,165.95730590820312
2020-04-15,68.9347915649414,79.0020980834961,164.21841430664062
2020-04-16,69.4825439453125,75.9913330078125,169.1483917236328
2020-04-17,68.53974151611328,82.82213592529297,170.6388397216797
2020-04-20,67.11707305908203,79.80264282226562,167.25662231445312
2020-04-21,65.04248809814453,77.48800659179688,160.33938598632812
2020-04-22,66.91592407226562,77.74037170410156,165.78530883789062
2020-04-23,66.65660858154297,77.78388977050781,163.77891540527344
2020-04-24,68.5809555053711,78.9324722290039,166.76937866210938
2020-04-27,68.62943267822266,82.3348159790039,166.29165649414062
2020-04-28,67.51699829101562,82.91783142089844,162.2406463623047
2020-04-29,69.7345962524414,85.15415954589844,169.52101135253906
2020-04-30,71.2057113647461,83.3268051147461,171.22164916992188
2020-05-01,70.05934143066406,81.14269256591797,166.78851318359375
2020-05-04,71.05061340332031,80.17681884765625,170.8681182861328
2020-05-05,72.11701202392578,80.05499267578125,172.7025604248047
2020-05-06,72.86105346679688,78.54960632324219,174.40322875976562
2020-05-07,73.61479949951172,79.36756134033203,175.4159698486328
2020-05-08,75.366943359375,80.66410064697266,176.4478302001953
2020-05-11,76.55288696289062,78.2885513305664,178.41600036621094
2020-05-12,75.67800903320312,75.73026275634766,174.37452697753906
2020-05-13,74.76425170898438,73.11978912353516,171.73756408691406
2020-05-14,75.22357940673828,76.15666198730469,172.4828338623047
2020-05-15,74.77885437011719,74.74700927734375,174.99560546875
2020-05-18,76.54071044921875,78.70625305175781,176.66758728027344
2020-05-19,76.09843444824219,77.15733337402344,175.44467163085938
2020-05-20,77.57840728759766,79.47200012207031,177.878173828125
2020-05-21,77.00003051757812,78.46260070800781,175.74168395996094
2020-05-22,77.49577331542969,77.85347747802734,175.81829833984375
2020-05-26,76.97086334228516,83.37902069091797,173.95957946777344
2020-05-27,77.30622863769531,88.20842742919922,174.18954467773438
2020-05-28,77.34024810791016,86.89447784423828,173.79672241210938
2020-05-29,77.2649154663086,84.67557525634766,175.5691680908203
2020-06-01,78.21510314941406,85.79808807373047,175.1667938232422
2020-06-02,78.57718658447266,86.08524322509766,177.15963745117188
2020-06-03,79.00978088378906,90.73188781738281,177.59075927734375
2020-06-04,78.3293228149414,92.62015533447266,175.25303649902344
2020-06-05,80.56022644042969,96.7882308959961,179.35360717773438
2020-06-08,81.03655242919922,98.71997833251953,180.4650115966797
2020-06-09,83.59548950195312,96.18782043457031,181.8446807861328
2020-06-10,85.74620056152344,92.28948974609375,188.58956909179688
2020-06-11,81.62950134277344,84.58854675292969,178.46261596679688
2020-06-12,82.33424377441406,86.9031753540039,179.87100219726562
2020-06-15,83.35249328613281,88.10401153564453,181.0207061767578
2020-06-16,85.56150817871094,88.80883026123047,185.45668029785156
2020-06-17,85.44242858886719,86.5638198852539,186.09857177734375
2020-06-18,85.47648620605469,86.09392547607422,188.0913848876953
2020-06-19,84.98799896240234,85.11064910888672,186.9704132080078
2020-06-22,87.21160125732422,84.18828582763672,192.16326904296875
2020-06-23,89.0731201171875,85.21505737304688,193.44705200195312
2020-06-24,87.50080108642578,82.36964416503906,189.5476531982422
2020-06-25,88.66241455078125,85.24116516113281,191.94287109375
2020-06-26,85.93819427490234,80.56838989257812,188.10096740722656
2020-06-29,87.91878509521484,80.92516326904297,190.1225128173828
2020-06-30,88.65267944335938,81.84752655029297,194.97999572753906
2020-07-01,88.48503112792969,81.1513900756836,196.1201171875
2020-07-02,88.48503112792969,81.41502380371094,197.61474609375
2020-07-06,90.85202026367188,83.47103118896484,201.86863708496094
2020-07-07,90.57009887695312,81.11626434326172,199.52133178710938
2020-07-08,92.67950439453125,81.9773178100586,203.90936279296875
2020-07-09,93.07805633544922,80.20247650146484,205.33692932128906
2020-07-10,93.24085998535156,84.58688354492188,204.71417236328125
2020-07-13,92.81074523925781,85.79943084716797,198.39076232910156
2020-07-14,94.34659576416016,86.29145050048828,199.6171417236328
2020-07-15,94.99544525146484,87.62701416015625,199.3201141357422
2020-07-16,93.82654571533203,87.87301635742188,195.37281799316406
2020-07-17,93.6369857788086,86.2475357055664,194.37644958496094
2020-07-20,95.61029052734375,85.49191284179688,202.73097229003906
2020-07-21,94.29071044921875,87.34583282470703,200.0003662109375
2020-07-22,94.55559539794922,86.7132339477539,202.87464904785156
2020-07-23,90.25176239013672,86.96802520751953,194.05068969726562
2020-07-24,90.02818298339844,86.35295867919922,192.86264038085938
2020-07-27,92.161865234375,85.14044189453125,195.30575561523438
2020-07-28,90.64787292480469,85.50946807861328,193.552490234375
2020-07-29,92.38542938232422,87.58306121826172,195.50697326660156
2020-07-30,93.50334167480469,85.2458724975586,195.3536376953125
2020-07-31,103.29206848144531,84.91200256347656,196.41712951660156
2020-08-03,105.89478302001953,84.4375228881836,207.46389770507812
2020-08-04,106.6019515991211,83.95429229736328,204.35006713867188
2020-08-05,106.98835754394531,85.4128189086914,204.01473999023438
2020-08-06,110.72111511230469,85.43917083740234,207.28184509277344
2020-08-07,108.2037582397461,87.3194808959961,203.5740203857422
2020-08-10,109.7764892578125,88.42655944824219,199.52133178710938
2020-08-11,106.5117416381836,91.22064971923828,194.85546875
2020-08-12,110.05158996582031,90.44744110107422,200.4219207763672
2020-08-13,111.99923706054688,89.94664001464844,199.9524688720703
2020-08-14,111.89942932128906,89.98175811767578,200.14407348632812
2020-08-17,111.6072769165039,87.60942077636719,201.4662628173828
2020-08-18,112.53726959228516,86.38810729980469,202.62550354003906
2020-08-19,112.67847442626953,86.59022521972656,201.396240234375
2020-08-20,115.17877960205078,85.55340576171875,206.0829620361328
2020-08-21,121.11422729492188,85.50946807861328,204.5847625732422
2020-08-24,122.56278228759766,87.91695404052734,205.22824096679688
2020-08-25,121.55729675292969,88.30355834960938,207.89813232421875
2020-08-26,123.21036529541016,87.06465911865234,212.39283752441406
2020-08-27,121.73747253417969,89.92904663085938,217.60780334472656
2020-08-28,121.5402603149414,90.29805755615234,219.84552001953125
2020-08-31,125.66194915771484,88.03118133544922,216.59939575195312
2020-09-01,130.6674346923828,87.98724365234375,218.27049255371094
2020-09-02,127.96017456054688,89.3139877319336,222.47703552246094
2020-09-03,117.71556854248047,89.0328369140625,208.6952667236328
2020-09-04,117.79347229003906,90.95706176757812,205.7660675048828
2020-09-08,109.86656188964844,87.79393768310547,194.63502502441406
2020-09-09,114.2487564086914,88.62866973876953,202.9232635498047
2020-09-10,110.51903533935547,87.71485900878906,197.23765563964844
2020-09-11,109.06803131103516,88.80436706542969,195.95077514648438
2020-09-14,112.34008026123047,90.03449249267578,197.2760772705078
2020-09-15,112.51537322998047,87.23161315917969,200.5126495361328
2020-09-16,109.19461059570312,87.60062408447266,196.93040466308594
2020-09-17,107.45148468017578,86.59899139404297,194.87510681152344
2020-09-18,104.0431137084961,86.41445922851562,192.4548797607422
2020-09-21,107.19831085205078,83.7433853149414,194.51974487304688
2020-09-22,108.88299560546875,82.82960510253906,199.20651245117188
2020-09-23,104.3157958984375,81.48529052734375,192.64695739746094
2020-09-24,105.3869857788086,81.41502380371094,195.14401245117188
2020-09-25,109.34069061279297,82.126708984375,199.59068298339844
2020-09-28,111.95055389404297,84.49024200439453,201.14649963378906
2020-09-29,111.10332489013672,83.77854919433594,199.05284118652344
2020-09-30,112.7782974243164,84.58688354492188,202.00128173828125
2020-10-01,113.7326431274414,85.20193481445312,204.04696655273438
2020-10-02,110.06134033203125,86.01028442382812,198.02517700195312
2020-10-05,113.4502182006836,87.82823181152344,202.04930114746094
2020-10-06,110.19767761230469,86.9237060546875,197.75633239746094
2020-10-07,112.0674057006836,88.44012451171875,201.52105712890625
2020-10-08,111.96028900146484,90.25804138183594,202.2413787841797
2020-10-09,113.90792846679688,89.74369049072266,207.26425170898438
2020-10-12,121.14341735839844,90.84333801269531,212.63290405273438
2020-10-13,117.9298095703125,89.37124633789062,214.0350799560547
2020-10-14,118.0174560546875,88.87466430664062,212.11431884765625
2020-10-15,117.55001068115234,90.20484161376953,210.96182250976562
2020-10-16,115.9042739868164,90.01862335205078,210.96182250976562
2020-10-19,112.94383239746094,88.502197265625,205.7372589111328
2020-10-20,114.43379211425781,89.00765991210938,206.1502227783203
2020-10-21,113.81053924560547,88.1208724975586,206.29425048828125
2020-10-22,112.71986389160156,91.2335205078125,206.3807373046875
2020-10-23,112.02845764160156,92.0582275390625,207.6676483154297
2020-10-26,112.03819274902344,89.7791748046875,201.7611541748047
2020-10-27,113.54761505126953,88.08540344238281,204.8056640625
2020-10-28,108.2889633178711,85.6112289428711,194.65415954589844
2020-10-29,112.30113983154297,86.16992950439453,196.6134490966797
2020-10-30,106.01022338867188,86.94144439697266,194.45257568359375
2020-11-02,105.9225845336914,88.90125274658203,194.3180694580078
2020-11-03,107.54885864257812,91.70352935791016,198.2556915283203
2020-11-04,111.94081115722656,88.90125274658203,207.8213348388672
2020-11-05,115.91400909423828,92.53712463378906,214.44810485839844
2020-11-06,115.78231048583984,91.30447387695312,214.8610382080078
2020-11-09,113.47037506103516,103.66641235351562,209.7421112060547
2020-11-10,113.12895965576172,103.32943725585938,202.65435791015625
2020-11-11,116.56271362304688,101.78639221191406,207.97499084472656
2020-11-12,116.28956604003906,100.53602600097656,206.908935546875
2020-11-13,116.33834075927734,101.16563415527344,207.93655395507812
2020-11-16,117.35285949707031,104.02111053466797,208.62803649902344
2020-11-17,116.46515655517578,102.96583557128906,205.9677276611328
2020-11-18,115.13848876953125,102.20320129394531,203.2523193359375
2020-11-19,115.7335433959961,102.47808837890625,204.54258728027344
2020-11-20,114.46539306640625,101.60015106201172,202.58786010742188
2020-11-23,111.06088256835938,104.5265884399414,202.31826782226562
2020-11-24,112.3485336303711,109.35961151123047,205.92921447753906
2020-11-25,113.18746185302734,108.21566009521484,205.9388427734375
2020-11-27,113.73375701904297,107.49735260009766,207.24842834472656
2020-11-30,116.13350677490234,104.53544616699219,206.1314697265625
2020-12-01,119.71358489990234,106.18489837646484,208.19204711914062
2020-12-02,120.06475830078125,108.22452545166016,207.38320922851562
2020-12-03,119.92819213867188,107.51508331298828,206.29513549804688
2020-12-04,119.25508880615234,108.49056243896484,206.41067504882812
2020-12-07,120.71833801269531,108.08263397216797,206.34326171875
2020-12-08,121.33292388916016,108.18905639648438,207.99952697753906
2020-12-09,118.7966079711914,107.34661102294922,203.94566345214844
2020-12-10,120.22084045410156,106.65491485595703,202.7130889892578
2020-12-11,119.41117095947266,106.0252914428711,205.35145568847656
2020-12-14,118.7966079711914,104.90791320800781,206.256591796875
2020-12-15,124.74716186523438,106.69922637939453,206.189208984375
2020-12-16,124.67889404296875,107.00961303710938,211.148193359375
2020-12-17,125.54708099365234,106.12281799316406,211.2830352783203
2020-12-18,123.55706024169922,105.599609375,210.48382568359375
2020-12-21,125.08859252929688,109.5635986328125,214.33547973632812
2020-12-22,128.64920043945312,107.89640045166016,215.63540649414062
2020-12-23,127.7517318725586,110.91152954101562,212.82371520996094
2020-12-24,128.73696899414062,110.42378234863281,214.4895477294922
2020-12-28,133.34133911132812,111.15094757080078,216.61758422851562
2020-12-29,131.56591796875,110.85831451416016,215.83761596679688
2020-12-30,130.444091796875,111.16868591308594,213.45921325683594
2020-12-31,129.43934631347656,112.68510437011719,214.1718292236328
2021-01-04,126.23969268798828,111.6209716796875,209.61717224121094
2021-01-05,127.80049133300781,112.22832489013672,209.81942749023438
2021-01-06,123.49853515625,117.49808502197266,204.37892150878906
2021-01-07,127.71267700195312,121.35665893554688,210.19493103027344
2021-01-08,128.81500244140625,121.49061584472656,211.47561645507812
2021-01-11,125.82019805908203,123.30379486083984,209.4246063232422
2021-01-12,125.64462280273438,125.24198913574219,206.95953369140625
2021-01-13,127.68343353271484,125.3581314086914,208.3172607421875
2021-01-14,125.7519302368164,126.09053039550781,205.12037658691406
2021-01-15,124.02529907226562,123.83074188232422,204.7641143798828
2021-01-19,124.69839477539062,123.29480743408203,208.41357421875
2021-01-20,128.79550170898438,121.4459457397461,216.02059936523438
2021-01-21,133.51690673828125,120.42774963378906,216.62721252441406
2021-01-22,135.6630096435547,119.49881744384766,217.57086181640625
2021-01-25,139.41871643066406,118.00721740722656,221.0181121826172
2021-01-26,139.65283203125,117.52488708496094,223.71429443359375
2021-01-27,138.57977294921875,114.20225524902344,224.26312255859375
2021-01-28,133.73153686523438,116.21192932128906,230.06947326660156
2021-01-29,128.7272186279297,114.92573547363281,223.35804748535156
2021-02-01,130.8538055419922,115.77426147460938,230.7628173828125
2021-02-02,131.68301391601562,119.3380355834961,230.6280059814453
2021-02-03,130.65872192382812,120.70462799072266,233.98861694335938
2021-02-04,134.0242156982422,123.48241424560547,233.0352783203125
2021-02-05,133.6089630126953,123.24124145507812,233.21826171875
2021-02-08,133.7555389404297,125.1705322265625,233.47825622558594
2021-02-09,132.8762664794922,124.67037200927734,234.73007202148438
2021-02-10,132.27056884765625,124.74182891845703,233.81527709960938
2021-02-11,132.01654052734375,124.39346313476562,235.42335510253906
2021-02-12,132.25100708007812,126.16195678710938,235.90478515625
2021-02-16,130.1212615966797,129.1987762451172,234.66261291503906
2021-02-17,127.8253402709961,129.60072326660156,235.68565368652344
2021-02-18,126.721435546875,130.03834533691406,235.28997802734375
2021-02-19,126.87773895263672,132.2087860107422,232.5682830810547
2021-02-22,123.0969009399414,133.45030212402344,226.33351135253906
2021-02-23,122.96012878417969,134.5221405029297,225.13674926757812
2021-02-24,122.46188354492188,136.8890380859375,226.37213134765625
2021-02-25,118.20233917236328,135.03126525878906,221.00596618652344
2021-02-26,118.46609497070312,131.44960021972656,224.27780151367188
2021-03-01,124.84565734863281,134.4239044189453,228.6787872314453
2021-03-02,122.2371826171875,133.9862518310547,225.7158203125
2021-03-03,119.24768829345703,136.57647705078125,219.62583923339844
2021-03-04,117.3621597290039,134.4774627685547,218.8247833251953
2021-03-05,118.62242889404297,134.7901153564453,223.52500915527344
2021-03-08,113.67901611328125,136.57647705078125,219.46176147460938
2021-03-09,118.3000259399414,135.61180114746094,225.62899780273438
2021-03-10,117.21560668945312,138.55934143066406,224.3163604736328
2021-03-11,119.14998626708984,137.83584594726562,228.8621368408203
2021-03-12,118.24140167236328,139.47035217285156,227.5302734375
2021-03-15,121.1332015991211,138.773681640625,226.62303161621094
2021-03-16,122.67680358886719,137.11233520507812,229.42190551757812
2021-03-17,121.8854751586914,138.52359008789062,228.77532958984375
2021-03-18,117.75293731689453,140.81011962890625,222.67568969726562
2021-03-19,117.22537994384766,138.56825256347656,222.31858825683594
2021-03-22,120.54702758789062,134.8436737060547,227.76190185546875
2021-03-23,119.71662139892578,133.49502563476562,229.29649353027344
2021-03-24,117.32307434082031,134.5310821533203,227.2504119873047
2021-03-25,117.81153869628906,136.25494384765625,224.23915100097656
2021-03-26,118.41726684570312,138.52359008789062,228.23483276367188
2021-03-29,118.5931167602539,136.37103271484375,227.03811645507812
2021-03-30,117.137451171875,137.97877502441406,223.7662811279297
2021-03-31,119.33560180664062,135.96910095214844,227.54959106445312
2021-04-01,120.166015625,137.29100036621094,233.90017700195312
2021-04-05,122.99920654296875,138.0187530517578,240.38589477539062
2021-04-06,123.30206298828125,137.04843139648438,239.21804809570312
2021-04-07,124.95311737060547,139.1956787109375,241.18692016601562
2021-04-08,127.35647583007812,139.3664093017578,244.42015075683594
2021-04-09,129.9356231689453,140.4086151123047,246.92950439453125
2021-04-12,128.21615600585938,140.11209106445312,246.98741149902344
2021-04-13,131.33265686035156,138.4410400390625,249.47744750976562
2021-04-14,128.98794555664062,135.853515625,246.6785430908203
2021-04-15,131.4010772705078,136.71603393554688,250.4522247314453
2021-04-16,131.06887817382812,137.73123168945312,251.6489715576172
2021-04-19,131.7332000732422,137.14727783203125,249.71868896484375
2021-04-20,130.0430908203125,134.11053466796875,249.25546264648438
2021-04-21,130.42408752441406,135.2515411376953,251.4945068359375
2021-04-22,128.90005493164062,132.40342712402344,248.20347595214844
2021-04-23,131.22520446777344,134.93710327148438,252.0447235107422
2021-04-26,131.61598205566406,135.2694854736328,252.4307403564453
2021-04-27,131.2935791015625,135.88943481445312,252.8361053466797
2021-04-28,130.50228881835938,136.76991271972656,245.6844940185547
2021-04-29,130.40457153320312,139.4293212890625,243.7059326171875
2021-04-30,128.43113708496094,138.18946838378906,243.38743591308594
2021-05-03,129.4862060546875,137.78517150878906,243.07858276367188
2021-05-04,124.90425872802734,139.6898651123047,239.1505126953125
2021-05-05,125.14852905273438,141.5226593017578,237.87655639648438
2021-05-06,126.75074768066406,144.3707733154297,241.02285766601562
2021-05-07,127.42597198486328,144.86488342285156,243.65768432617188
2021-05-10,124.13782501220703,144.84690856933594,238.56179809570312
2021-05-11,123.2179183959961,142.4390869140625,237.6448974609375
2021-05-12,120.14503479003906,141.45974731445312,230.66697692871094
2021-05-13,122.29798889160156,145.0984649658203,234.55645751953125
2021-05-14,124.72496795654297,147.353515625,239.4979248046875
2021-05-17,123.5702133178711,147.94656372070312,236.63153076171875
2021-05-18,122.18058776855469,145.86216735839844,234.60470581054688
2021-05-19,122.02400207519531,144.7480926513672,235.1851348876953
2021-05-20,124.58798217773438,144.49652099609375,238.43544006347656
2021-05-21,122.7481689453125,146.1406707763672,237.168212890625
2021-05-24,124.3824691772461,146.93128967285156,242.59512329101562
2021-05-25,124.186767578125,145.41293334960938,243.5044708251953
2021-05-26,124.13782501220703,145.39495849609375,243.28192138671875
2021-05-27,122.60137939453125,147.6590576171875,241.17306518554688
2021-05-28,121.94569396972656,147.5601806640625,241.531005859375
2021-06-01,121.62276458740234,149.1864013671875,239.32545471191406
2021-06-02,122.38606262207031,149.19537353515625,239.22874450683594
2021-06-03,120.89857482910156,149.29420471191406,237.69064331054688
2021-06-04,123.19833374023438,149.5368194580078,242.6047821044922
2021-06-07,123.2081298828125,148.8359832763672,245.52622985839844
2021-06-08,124.03015899658203,148.2429962158203,244.3267059326172
2021-06-09,124.41181945800781,146.39222717285156,245.3134307861328
2021-06-10,123.41363525390625,144.11021423339844,248.84429931640625
2021-06-11,124.62712097167969,144.01136779785156,249.47311401367188
2021-06-14,127.6902084350586,141.56761169433594,251.40780639648438
2021-06-15,126.86817932128906,139.4203338623047,249.92770385742188
2021-06-16,127.36727905273438,140.39964294433594,248.979736328125
2021-06-17,128.97218322753906,136.34764099121094,252.3848114013672
2021-06-18,127.670654296875,132.8976287841797,250.96279907226562
2021-06-21,129.47129821777344,135.1527099609375,254.05836486816406
2021-06-22,131.11537170410156,134.955078125,256.8444519042969
2021-06-23,130.84133911132812,135.77264404296875,256.6121826171875
2021-06-24,130.5575714111328,137.021484375,257.98583984375
2021-06-25,130.2639617919922,138.40509033203125,256.370361328125
2021-06-28,131.89828491210938,138.65664672851562,259.9496154785156
2021-06-29,133.41513061523438,138.48594665527344,262.5421447753906
2021-06-30,134.0316619873047,139.74375915527344,262.0584716796875
2021-07-01,134.33502197265625,141.1273651123047,262.7356262207031
2021-07-02,136.96751403808594,140.9917755126953,268.5881652832031
2021-07-06,138.98345947265625,138.6243133544922,268.5978698730469
2021-07-07,141.47897338867188,138.7869873046875,270.7936706542969
2021-07-08,140.17735290527344,136.3924102783203,268.3656921386719
2021-07-09,142.00738525390625,140.75685119628906,268.8687744140625
2021-07-12,141.4104461669922,142.77194213867188,268.26898193359375
2021-07-13,142.5260467529297,140.64840698242188,271.8094787597656
2021-07-14,145.96099853515625,140.16952514648438,273.2895202636719
2021-07-15,145.30531311035156,140.47677612304688,271.8578796386719
2021-07-16,143.26002502441406,137.2689208984375,271.58697509765625
2021-07-19,139.4042510986328,132.80502319335938,267.96905517578125
2021-07-20,143.0251922607422,135.2809295654297,270.2036437988281
2021-07-21,142.29119873046875,138.12734985351562,272.21575927734375
2021-07-22,143.66127014160156,136.38336181640625,276.8010559082031
2021-07-23,145.38365173339844,136.1212921142578,280.2158508300781
2021-07-26,145.80442810058594,137.03396606445312,279.61602783203125
2021-07-27,143.63189697265625,136.8532257080078,277.1880187988281
2021-07-28,141.88018798828125,137.07911682128906,276.87841796875
2021-07-29,142.5260467529297,138.25384521484375,277.14935302734375
2021-07-30,142.74136352539062,137.1514129638672,275.6111755371094
2021-08-02,142.40863037109375,136.6002197265625,275.5242004394531
2021-08-03,144.20928955078125,138.15444946289062,277.7490539550781
2021-08-04,143.80807495117188,136.66346740722656,277.15899658203125
2021-08-05,143.91571044921875,138.3893585205078,280.0707702636719
2021-08-06,143.22964477539062,142.3201446533203,280.0127258300781
2021-08-09,143.18063354492188,142.16651916503906,278.9195861816406
2021-08-10,142.70040893554688,143.91049194335938,277.0912780761719
2021-08-11,142.95523071289062,145.6273651123047,277.5845947265625
2021-08-12,145.92489624023438,146.19667053222656,280.351318359375
2021-08-13,146.13070678710938,144.5611114501953,283.29205322265625
2021-08-16,148.1104736328125,143.61228942871094,284.98492431640625
2021-08-17,147.1990203857422,141.8773193359375,283.5145568847656
2021-08-18,143.44528198242188,140.5851593017578,281.7796630859375
2021-08-19,143.7784881591797,139.41049194335938,287.6336975097656
2021-08-20,145.23886108398438,139.80807495117188,294.9900207519531
2021-08-23,146.72854614257812,141.59725952148438,295.2711181640625
2021-08-24,146.64036560058594,142.4737548828125,293.30364990234375
2021-08-25,145.40542602539062,145.4105224609375,292.71240234375
2021-08-26,144.6017608642578,146.16050720214844,289.88226318359375
2021-08-27,145.6406707763672,147.33522033691406,290.4929504394531
2021-08-30,150.0706787109375,144.97677612304688,294.2437744140625
2021-08-31,148.8063507080078,144.53396606445312,292.5863952636719
2021-09-01,149.4727783203125,144.326171875,292.5379638671875
2021-09-02,150.590087890625,144.99485778808594,291.87890625
2021-09-03,151.2271270751953,144.11839294433594,291.8692321777344
2021-09-07,153.56954956054688,143.8653564453125,290.9386901855469
2021-09-08,152.02102661132812,143.22373962402344,290.96783447265625
2021-09-09,151.001708984375,143.84725952148438,288.0989074707031
2021-09-10,146.00331115722656,142.193603515625,286.60626220703125
2021-09-13,146.5717315673828,144.45269775390625,287.84698486328125
2021-09-14,145.1702117919922,141.93157958984375,290.5607604980469
2021-09-15,146.06210327148438,142.91650390625,295.4358825683594
2021-09-16,145.82684326171875,142.853271484375,295.8236083984375
2021-09-17,143.15126037597656,142.4827880859375,290.63824462890625
2021-09-20,140.09339904785156,138.21771240234375,285.2397766113281
2021-09-21,140.57362365722656,138.23574829101562,285.7243347167969
2021-09-22,142.9453887939453,140.8833770751953,289.387939453125
2021-09-23,143.90589904785156,145.64544677734375,290.33782958984375
2021-09-24,143.99412536621094,147.3262176513672,290.1343078613281
2021-09-27,142.47496032714844,150.88645935058594,285.1138000488281
2021-09-28,139.08389282226562,150.0731964111328,274.79156494140625
2021-09-29,139.98556518554688,149.95570373535156,275.25689697265625
2021-09-30,138.68203735351562,147.91354370117188,273.2408752441406
2021-10-01,139.8091278076172,151.02197265625,280.1998291015625
2021-10-04,136.36904907226562,150.85934448242188,274.39422607421875
2021-10-05,138.2998046875,153.32293701171875,279.870361328125
2021-10-06,139.172119140625,153.6501922607422,284.08636474609375
2021-10-07,140.43641662597656,154.62283325195312,285.7728271484375
2021-10-08,140.0541534423828,154.74102783203125,285.7728271484375
2021-10-11,139.9659423828125,151.48658752441406,285.17193603515625
2021-10-12,138.6918182373047,150.322998046875,283.863525390625
2021-10-13,138.10379028320312,146.3594970703125,287.1878356933594
2021-10-14,140.8970489501953,148.6048583984375,293.4295959472656
2021-10-15,141.9555206298828,151.45932006835938,294.8446044921875
2021-10-18,143.63150024414062,151.40475463867188,297.8298645019531
2021-10-19,145.79745483398438,153.2410888671875,298.740966796875
2021-10-20,146.28750610351562,155.30465698242188,297.9461669921875
2021-10-21,146.5031280517578,154.08651733398438,301.19305419921875
2021-10-22,145.72886657714844,156.1591796875,299.64227294921875
2021-10-25,145.67984008789062,155.39556884765625,298.6440124511719
2021-10-26,146.3463134765625,155.81375122070312,300.5629577636719
2021-10-27,145.8856964111328,152.56838989257812,313.2209777832031
2021-10-28,149.53160095214844,154.8683319091797,314.3646545410156
2021-10-29,146.81680297851562,154.4410858154297,321.41082763671875
2021-11-01,145.9934844970703,154.35923767089844,319.2301025390625
2021-11-02,147.03236389160156,154.96832275390625,322.87432861328125
2021-11-03,148.47312927246094,155.0228271484375,323.7175598144531
2021-11-04,147.9536590576172,152.9865264892578,326.08245849609375
2021-11-05,148.4836883544922,152.7683563232422,325.7141418457031
2021-11-08,147.65919494628906,153.68650817871094,326.615478515625
2021-11-09,148.0223846435547,152.52293395996094,325.6075439453125
2021-11-10,145.18577575683594,152.37750244140625,320.6160583496094
2021-11-11,145.13671875,152.368408203125,322.1959533691406
2021-11-12,147.21751403808594,151.6865692138672,326.353759765625
2021-11-15,147.2273406982422,151.4138641357422,325.7238464355469
2021-11-16,148.2088623046875,150.322998046875,329.0579528808594
2021-11-17,150.65280151367188,149.51393127441406,329.2812805175781
2021-11-18,154.95187377929688,148.22303771972656,331.36895751953125
2021-11-19,157.58233642578125,146.28675842285156,333.15545654296875
2021-11-22,158.04364013671875,149.40484619140625,329.9706726074219
2021-11-23,158.42645263671875,152.97744750976562,327.883056640625
2021-11-24,158.9466552734375,151.7775115966797,328.1063537597656
2021-11-26,153.9114532470703,147.2048797607422,320.1151428222656
2021-11-29,157.27806091308594,146.56857299804688,326.86358642578125
2021-11-30,162.24453735351562,144.38681030273438,320.9987487792969
2021-12-01,161.72434997558594,143.53228759765625,320.5035705566406
2021-12-02,160.7329864501953,146.55039978027344,319.9306640625
2021-12-03,158.8485107421875,143.89588928222656,313.6386413574219
2021-12-06,162.26417541503906,145.59585571289062,316.7264099121094
2021-12-07,168.0158233642578,147.7866973876953,325.2031555175781
2021-12-08,171.84373474121094,146.0958709716797,325.251708984375
2021-12-09,171.33335876464844,145.86859130859375,323.4359130859375
2021-12-10,176.1329803466797,145.28680419921875,332.60205078125
2021-12-13,172.49156188964844,143.55955505371094,329.5531311035156
2021-12-14,171.1076202392578,144.65951538085938,318.8140563964844
2021-12-15,175.98574829101562,143.57774353027344,324.94085693359375
2021-12-16,169.07586669921875,145.82313537597656,315.4737854003906
2021-12-17,167.97659301757812,142.5050506591797,314.4056701660156
2021-12-20,166.61227416992188,139.9414825439453,310.6285705566406
2021-12-21,169.79238891601562,141.89598083496094,317.79449462890625
2021-12-22,172.3933868408203,142.4504852294922,323.53302001953125
2021-12-23,173.0215606689453,142.9595489501953,324.9798583984375
2021-12-27,176.99668884277344,143.7777099609375,332.5146179199219
2021-12-28,175.9759063720703,144.21409606933594,331.3494873046875
2021-12-29,176.06430053710938,144.141357421875,332.0291748046875
2021-12-30,174.9060516357422,144.068603515625,329.4754943847656
2021-12-31,174.28773498535156,143.95045471191406,326.5625915527344
2022-01-03,178.6456756591797,146.9957733154297,325.0380859375
2022-01-04,176.3783416748047,152.56838989257812,319.4645080566406
2022-01-05,171.68670654296875,149.77911376953125,307.2010803222656
2022-01-06,168.82069396972656,151.3704071044922,304.7735595703125
2022-01-07,168.987548828125,152.8701934814453,304.9289245605469
2022-01-10,169.0071563720703,153.01649475097656,305.1522216796875
2022-01-11,171.84373474121094,153.1719512939453,305.8416442871094
2022-01-12,172.2854461669922,154.040771484375,309.0361633300781
2022-01-13,169.0071563720703,153.84869384765625,295.9568786621094
2022-01-14,169.8708953857422,144.39263916015625,301.2003479003906
2022-01-18,166.66131591796875,138.3385467529297,293.86932373046875
2022-01-19,163.15728759765625,136.19859313964844,294.5295715332031
2022-01-20,161.46910095214844,135.0371856689453,292.84979248046875
2022-01-21,159.407958984375,132.67770385742188,287.4414367675781
2022-01-24,158.632568359375,132.55877685546875,287.7715759277344
2022-01-25,156.82655334472656,134.00372314453125,280.1201477050781
2022-01-26,156.7382354736328,135.27493286132812,288.1016540527344
2022-01-27,156.2769317626953,132.88804626464844,291.1408996582031
2022-01-28,167.18153381347656,134.07688903808594,299.316650390625
2022-01-31,171.54928588867188,135.8968048095703,301.95770263671875
2022-02-01,171.38241577148438,138.22879028320312,299.8020935058594
2022-02-02,172.58969116210938,137.12225341796875,304.36572265625
2022-02-03,169.7040557861328,135.98825073242188,292.50994873046875
2022-02-04,169.4190673828125,139.51828002929688,297.0639343261719
2022-02-07,168.70164489746094,139.98468017578125,292.2186584472656
2022-02-08,171.81700134277344,142.61846923828125,295.7239074707031
2022-02-09,173.24200439453125,143.21292114257812,302.1809997558594
2022-02-10,169.1536865234375,142.61846923828125,293.607177734375
2022-02-11,165.73365783691406,140.761962890625,286.48016357421875
2022-02-14,165.96954345703125,139.45425415039062,286.4412841796875
2022-02-15,169.81216430664062,141.4936065673828,291.7525939941406
2022-02-16,169.5762939453125,141.74969482421875,291.4120788574219
2022-02-17,165.96954345703125,138.48486328125,282.8789367675781
2022-02-18,164.416748046875,139.13418579101562,280.15447998046875
2022-02-22,161.4881134033203,138.88726806640625,279.9501953125
2022-02-23,157.31137084960938,135.97911071777344,272.70135498046875
2022-02-24,159.93533325195312,132.19300842285156,286.6346435546875
2022-02-25,162.00900268554688,135.32066345214844,289.28118896484375
2022-02-28,162.2743377685547,129.67811584472656,290.7212219238281
2022-03-01,160.38742065429688,124.78546905517578,286.9850158691406
2022-03-02,163.68951416015625,127.37350463867188,292.0834045410156
2022-03-03,163.36520385742188,126.46817779541016,287.9287109375
2022-03-04,160.35794067382812,122.91069793701172,282.0323791503906
2022-03-07,156.5546417236328,118.16436767578125,271.3780822753906
2022-03-08,154.7267303466797,117.3321762084961,268.4007263183594
2022-03-09,160.1417236328125,122.03274536132812,280.7091369628906
2022-03-10,155.78805541992188,120.58782196044922,277.877685546875
2022-03-11,152.0634002685547,117.87171936035156,272.50677490234375
2022-03-14,148.02423095703125,119.04230499267578,268.97479248046875
2022-03-15,152.41717529296875,121.15483093261719,279.3955993652344
2022-03-16,156.8396453857422,126.56875610351562,286.4400329589844
2022-03-17,157.8518829345703,128.16915893554688,287.24761962890625
2022-03-18,161.1539764404297,128.1234588623047,292.31689453125
2022-03-21,162.5298614501953,127.7118911743164,291.0812072753906
2022-03-22,165.9105987548828,130.4280242919922,295.8489074707031
2022-03-23,167.27664184570312,127.83076477050781,291.4023742675781
2022-03-24,171.07008361816406,128.66299438476562,295.8878479003906
2022-03-25,171.70887756347656,129.787841796875,295.47918701171875
2022-03-28,172.57373046875,128.82760620117188,302.30963134765625
2022-03-29,175.87583923339844,129.111083984375,306.8924560546875
2022-03-30,174.706298828125,128.52578735351562,305.3843078613281
2022-03-31,171.60076904296875,124.66658020019531,299.984130859375
2022-04-01,171.3059539794922,123.74290466308594,301.0641784667969
2022-04-04,175.3647918701172,124.2916030883789,306.46429443359375
2022-04-05,172.0430450439453,122.84518432617188,302.4847717285156
2022-04-06,168.86871337890625,121.14079284667969,291.4120788574219
2022-04-07,169.17337036132812,120.77227783203125,293.2315673828125
2022-04-08,167.15869140625,122.98339080810547,288.9504089355469
2022-04-11,162.89346313476562,122.53195190429688,277.55657958984375
2022-04-12,164.7705841064453,121.18684387207031,274.4429626464844
2022-04-13,167.46334838867188,117.28057098388672,279.8528137207031
2022-04-14,162.44140625,116.1934585571289,272.2732849121094
2022-04-18,162.2252197265625,118.34928894042969,272.9446105957031
2022-04-19,164.51504516601562,120.79991149902344,277.5955505371094
2022-04-20,164.34796142578125,121.22370910644531,278.62689208984375
2022-04-21,163.5519561767578,120.28398132324219,273.226806640625
2022-04-22,159.00172424316406,116.82915496826172,266.6299133300781
2022-04-25,160.07293701171875,116.79228210449219,273.13922119140625
2022-04-26,154.09774780273438,113.33744812011719,262.92279052734375
2022-04-27,153.87167358398438,111.8633804321289,275.57171630859375
2022-04-28,160.81982421875,113.63224792480469,281.8085632324219
2022-04-29,154.93307495117188,109.96551513671875,270.025634765625
2022-05-02,155.2377166748047,110.96971130371094,276.7879333496094
2022-05-03,156.73153686523438,113.3466567993164,274.17059326171875
2022-05-04,163.1588134765625,117.09632110595703,282.1492004394531
2022-05-05,154.06826782226562,114.16659545898438,269.8602294921875
2022-05-06,154.7965545654297,113.98235321044922,267.3109436035156
2022-05-09,149.65896606445312,112.26875305175781,257.43505859375
2022-05-10,152.07028198242188,109.53250122070312,262.22222900390625
2022-05-11,144.18675231933594,108.84152221679688,253.51388549804688
2022-05-12,140.30897521972656,108.74940490722656,248.45437622070312
2022-05-13,144.7871551513672,109.71675872802734,254.0684356689453
2022-05-16,143.241943359375,108.95209503173828,254.43821716308594
2022-05-17,146.88351440429688,112.56354522705078,259.61456298828125
2022-05-18,138.59649658203125,110.6380615234375,247.79443359375
2022-05-19,135.18124389648438,108.99815368652344,246.877685546875
2022-05-20,135.41746520996094,108.10449981689453,246.31201171875
2022-05-23,140.85031127929688,114.79308319091797,254.20187377929688
2022-05-24,138.14370727539062,116.41456604003906,253.19735717773438
2022-05-25,138.3011932373047,117.22530364990234,256.02557373046875
2022-05-26,141.5096893310547,119.25216674804688,259.322021484375
2022-05-27,147.27719116210938,120.93811798095703,266.48040771484375
2022-05-31,146.4898223876953,121.82254791259766,265.144287109375
2022-06-01,146.36187744140625,119.68515014648438,265.68072509765625
2022-06-02,148.8223876953125,121.61064910888672,267.7872314453125
2022-06-03,143.08448791503906,119.91546630859375,263.340087890625
2022-06-06,143.83245849609375,119.5193099975586,262.10150146484375
2022-06-07,146.36187744140625,119.83256530761719,265.75872802734375
2022-06-08,145.6237030029297,117.92549133300781,263.7204895019531
2022-06-09,140.3876953125,115.44721984863281,258.2394714355469
2022-06-10,134.9647216796875,110.14055633544922,246.7313690185547
2022-06-13,129.797607421875,106.86076354980469,236.26683044433594
2022-06-14,130.66371154785156,105.08265686035156,238.4416961669922
2022-06-15,133.29153442382812,106.32640838623047,245.5318145751953
2022-06-16,128.00636291503906,104.50224304199219,238.9097900390625
2022-06-17,129.48268127441406,104.13372802734375,241.52346801757812
2022-06-21,133.72462463378906,106.7133560180664,247.4628448486328
2022-06-22,133.21282958984375,106.114501953125,246.867919921875
2022-06-23,136.08673095703125,104.95368194580078,252.4561767578125
2022-06-24,139.42320251464844,108.0860824584961,261.0775146484375
2022-06-27,139.42320251464844,107.22006225585938,258.33697509765625
2022-06-28,135.2698211669922,106.70413208007812,250.13504028320312
2022-06-29,137.0315704345703,106.22506713867188,253.82154846191406
2022-06-30,134.56118774414062,103.74679565429688,250.47640991210938
2022-07-01,136.7362823486328,105.07344055175781,253.1583709716797
2022-07-05,139.32476806640625,104.67378234863281,256.3474426269531
2022-07-06,140.6632843017578,103.99530029296875,259.6242980957031
2022-07-07,144.0391387939453,106.6256103515625,261.7601623535156
2022-07-08,144.71826171875,106.291015625,261.0384521484375
2022-07-11,142.58248901367188,104.89685821533203,257.9664001464844
2022-07-12,143.556884765625,104.99909210205078,247.39459228515625
2022-07-13,143.19273376464844,104.0138931274414,246.46807861328125
2022-07-14,146.1256561279297,100.37976837158203,247.79443359375
2022-07-15,147.798828125,104.98049926757812,250.36911010742188
2022-07-18,144.74777221679688,103.90235137939453,247.960205078125
2022-07-19,148.61569213867188,106.47689056396484,253.10960388183594
2022-07-20,150.62351989746094,106.45831298828125,255.7817840576172
2022-07-21,152.8970184326172,107.18328094482422,258.2882385253906
2022-07-22,151.6569061279297,106.66279602050781,253.91905212402344
2022-07-25,150.53489685058594,107.09033966064453,252.42689514160156
2022-07-26,149.20623779296875,105.41734313964844,245.66835021972656
2022-07-27,154.31427001953125,107.10892486572266,262.0917053222656
2022-07-28,154.8654327392578,106.70926666259766,269.572021484375
2022-07-29,159.9439697265625,107.22046661376953,273.7948913574219
2022-08-01,158.95977783203125,106.15159606933594,271.1324462890625
2022-08-02,157.48345947265625,104.49718475341797,268.0213317871094
2022-08-03,163.50682067871094,105.59394836425781,275.4820861816406
2022-08-04,163.1918487548828,104.43212890625,276.63287353515625
2022-08-05,162.96519470214844,107.59222412109375,275.9112243652344
2022-08-08,162.49209594726562,106.28172302246094,273.3852844238281
2022-08-09,162.54139709472656,107.23904418945312,275.3162841796875
2022-08-10,166.79908752441406,110.03667449951172,282.006591796875
2022-08-11,166.05992126464844,111.66320037841797,279.9195251464844
2022-08-12,169.61785888671875,113.51278686523438,284.6886291503906
2022-08-15,170.69210815429688,113.81949615478516,286.2099609375
2022-08-16,170.534423828125,114.90693664550781,285.4687194824219
2022-08-17,172.0325164794922,113.94033813476562,284.7161865234375
2022-08-18,171.63824462890625,113.0573501586914,283.5923156738281
2022-08-19,169.04620361328125,110.25972747802734,279.6634521484375
2022-08-22,165.15316772460938,108.43802642822266,271.4537658691406
2022-08-23,164.8180694580078,107.3691635131836,270.1735534667969
2022-08-24,165.11375427246094,107.6294174194336,269.53826904296875
2022-08-25,167.5776824951172,110.18539428710938,272.52886962890625
2022-08-26,161.26014709472656,106.57913970947266,262.0128173828125
2022-08-29,159.0524444580078,106.31890106201172,259.2176513671875
2022-08-30,156.6180877685547,106.33747863769531,257.00885009765625
2022-08-31,154.9524383544922,105.7054672241211,255.54290771484375
2022-09-01,155.68177795410156,106.43043518066406,254.49710083007812
2022-09-02,153.56277465820312,105.68687438964844,250.25550842285156
2022-09-06,152.30123901367188,105.71475219726562,247.50921630859375
2022-09-07,153.7106170654297,107.72235107421875,252.23948669433594
2022-09-08,152.2322540283203,110.23184967041016,252.65977478027344
2022-09-09,155.10028076171875,110.76163482666016,258.4650573730469
2022-09-12,161.07286071777344,112.07215118408203,260.6054382324219
2022-09-13,151.62118530273438,108.17778778076172,246.27777099609375
2022-09-14,153.0699920654297,107.92683410644531,246.5025634765625
2022-09-15,150.17236328125,109.55335998535156,239.81761169433594
2022-09-16,148.52645874023438,108.81909942626953,239.19212341308594
2022-09-19,152.25192260742188,109.8228988647461,238.97711181640625
2022-09-20,154.63706970214844,107.65730285644531,236.95401000976562
2022-09-21,151.50291442871094,104.5529556274414,233.5333709716797
2022-09-22,150.53704833984375,103.36327362060547,235.51731872558594
2022-09-23,148.26036071777344,101.43932342529297,232.52671813964844
2022-09-26,148.59548950195312,99.25514221191406,232.0673370361328
2022-09-27,149.57119750976562,98.3814697265625,231.0509490966797
2022-09-28,147.6788787841797,100.37046813964844,235.60533142089844
2022-09-29,140.425048828125,98.66960144042969,232.11622619628906
2022-09-30,136.20675659179688,97.126708984375,227.62051391601562
2022-10-03,140.39544677734375,100.12882232666016,235.28277587890625
2022-10-04,143.99281311035156,104.8132095336914,243.23825073242188
2022-10-05,144.28848266601562,103.51908874511719,243.55101013183594
2022-10-06,143.33248901367188,101.40914916992188,241.19564819335938
2022-10-07,138.06948852539062,99.38359069824219,228.9301300048828
2022-10-10,138.3947296142578,98.4552001953125,224.05325317382812
2022-10-11,136.9755096435547,95.61380004882812,220.30030822753906
2022-10-12,136.34474182128906,97.16110229492188,220.63255310058594
2022-10-13,140.9276580810547,102.56259155273438,228.9301300048828
2022-10-14,136.3841552734375,104.26929473876953,223.37887573242188
2022-10-17,140.3560791015625,108.64861297607422,232.14553833007812
2022-10-18,141.67672729492188,111.44316101074219,233.0935516357422
2022-10-19,141.78514099121094,109.25819396972656,231.11932373046875
2022-10-20,141.32192993164062,108.90180969238281,230.7968292236328
2022-10-21,145.14593505859375,114.62216186523438,236.6315155029297
2022-10-24,147.29449462890625,114.76280975341797,241.6451873779297
2022-10-25,150.14280700683594,115.06290435791016,244.9779510498047
2022-10-26,147.19595336914062,116.38513946533203,226.07630920410156
2022-10-27,142.71157836914062,116.84465026855469,221.6099090576172
2022-10-28,153.49378967285156,118.23251342773438,230.52317810058594
2022-10-31,151.12840270996094,118.04496765136719,226.8679656982422
2022-11-01,148.47720336914062,120.17367553710938,222.9977264404297
2022-11-02,142.938232421875,119.0671157836914,215.11065673828125
2022-11-03,136.87698364257812,119.28279876708984,209.3932647705078
2022-11-04,136.61038208007812,122.54620361328125,216.3714141845703
2022-11-07,137.14352416992188,123.1932601928711,222.70452880859375
2022-11-08,137.71609497070312,123.26827239990234,223.6818389892578
2022-11-09,133.14527893066406,121.66471099853516,219.42068481445312
2022-11-10,144.9918212890625,126.67235565185547,237.47201538085938
2022-11-11,147.78564453125,126.87866973876953,241.50839233398438
2022-11-14,146.3837890625,125.57516479492188,236.07444763183594
2022-11-15,148.1212921142578,124.6655502319336,236.48489379882812
2022-11-16,146.88726806640625,124.83433532714844,236.9161376953125
2022-11-17,148.79258728027344,124.29042053222656,236.86712646484375
2022-11-18,149.3553009033203,125.50951385498047,236.41629028320312
2022-11-21,146.11727905273438,124.76869201660156,237.22976684570312
2022-11-22,148.25950622558594,126.63481140136719,240.15040588378906
2022-11-23,149.1381378173828,127.9852066040039,242.64964294433594
2022-11-25,146.21600341796875,128.22901916503906,242.56143188476562
2022-11-28,142.375732421875,125.9877700805664,236.9455108642578
2022-11-29,139.36473083496094,128.06021118164062,235.54400634765625
2022-11-30,146.1370086669922,129.5793914794922,250.05908203125
2022-12-01,146.4134063720703,127.76014709472656,249.61805725097656
2022-12-02,145.91981506347656,126.74736785888672,249.9414825439453
2022-12-05,144.7548828125,123.1932601928711,245.21743774414062
2022-12-06,141.08248901367188,123.3995590209961,240.23861694335938
2022-12-07,139.1376953125,123.3151626586914,239.50357055664062
2022-12-08,140.8258056640625,124.6092758178711,242.4732208251953
2022-12-09,140.3420867919922,123.9341049194336,240.53265380859375
2022-12-12,142.6422882080078,125.85651397705078,247.4814453125
2022-12-13,143.60975646972656,125.73456573486328,251.8036346435547
2022-12-14,141.37863159179688,125.1063003540039,252.09767150878906
2022-12-15,134.75445556640625,122.00231170654297,244.0511474609375
2022-12-16,132.78988647460938,121.24271392822266,239.8171844482422
2022-12-19,130.67726135253906,121.96479034423828,235.66162109375
2022-12-20,130.608154296875,122.55558776855469,236.9847412109375
2022-12-21,133.71786499023438,123.9341049194336,239.56236267089844
2022-12-22,130.53904724121094,122.52745056152344,233.44662475585938
2022-12-23,130.1737823486328,123.10887145996094,233.97589111328125
2022-12-27,128.36717224121094,123.54022979736328,232.2411651611328
2022-12-28,124.42821502685547,124.21540069580078,229.8594970703125
2022-12-29,127.95255279541016,124.9280776977539,236.21047973632812
2022-12-30,128.26846313476562,125.75334167480469,235.044189453125
2023-01-03,123.47061920166016,126.70984649658203,234.80892944335938
2023-01-04,124.74412536621094,127.89141845703125,224.5376434326172
2023-01-05,123.42124938964844,127.86310577392578,217.8828582763672
2023-01-06,127.9624252319336,130.309814453125,220.45065307617188
2023-01-09,128.4856414794922,129.77134704589844,222.5970916748047
2023-01-10,129.05821228027344,130.9333038330078,224.29261779785156
2023-01-11,131.78294372558594,131.90635681152344,231.07485961914062
2023-01-12,131.70394897460938,131.7740936279297,233.76026916503906
2023-01-13,133.0366973876953,135.099365234375,234.4659423828125
2023-01-17,134.20159912109375,133.01161193847656,235.5636444091797
2023-01-18,133.48094177246094,129.01560974121094,231.114013671875
2023-01-19,133.54019165039062,127.29627990722656,227.31126403808594
2023-01-20,136.10693359375,127.6080093383789,235.4362030029297
2023-01-23,139.30551147460938,129.67689514160156,237.74923706054688
2023-01-24,140.7073211669922,130.79161071777344,237.21994018554688
2023-01-25,140.0458984375,131.42454528808594,235.8184356689453
2023-01-26,142.1190643310547,132.23696899414062,243.06129455566406
2023-01-27,144.06385803222656,132.55819702148438,243.2180938720703
2023-01-30,141.17132568359375,131.43399047851562,237.8766326904297
2023-01-31,142.44485473632812,132.2180938720703,242.87506103515625
2023-02-01,143.5702362060547,131.86856079101562,247.7166748046875
2023-02-02,148.89134216308594,131.25450134277344,259.3306884765625
2023-02-03,152.52427673339844,133.2855682373047,253.20518493652344
2023-02-06,149.78968811035156,134.06964111328125,251.65663146972656
2023-02-07,152.67236328125,135.70396423339844,262.2317199707031
2023-02-08,149.97726440429688,134.7498321533203,261.41827392578125
2023-02-09,148.94068908691406,132.6526336669922,258.37017822265625
2023-02-10,149.3065185546875,133.2383270263672,257.860595703125
2023-02-13,152.11447143554688,134.68373107910156,265.9169006347656
2023-02-14,151.47181701660156,135.27886962890625,266.75
2023-02-15,153.57777404785156,135.84568786621094,264.61785888671875
2023-02-16,151.97605895996094,133.9752197265625,257.5730285644531
2023-02-17,150.82916259765625,134.37196350097656,253.554443359375
2023-02-21,146.80503845214844,131.90635681152344,248.258544921875
2023-02-22,147.23020935058594,130.89552307128906,247.11878967285156
2023-02-23,147.7146759033203,131.9441375732422,250.3218536376953
2023-02-24,145.05503845214844,133.13441467285156,244.86875915527344
2023-02-27,146.25137329101562,134.29640197753906,245.7923583984375
2023-02-28,145.74713134765625,135.4205780029297,245.0652618408203
2023-03-01,143.67079162597656,134.66481018066406,241.97027587890625
2023-03-02,144.26406860351562,133.26670837402344,246.72579956054688
2023-03-03,149.32627868652344,135.71340942382812,250.83279418945312
2023-03-06,152.0947265625,134.919921875,252.3852081298828
2023-03-07,149.88986206054688,130.9521942138672,249.7126922607422
2023-03-08,151.14553833007812,130.17758178710938,249.27052307128906
2023-03-09,148.89125061035156,123.13021087646484,247.9146728515625
2023-03-10,146.82484436035156,126.25711059570312,244.24974060058594
2023-03-13,148.7726287841797,123.98987579345703,249.4866943359375
2023-03-14,150.86866760253906,127.1734619140625,256.2367858886719
2023-03-15,151.26417541503906,121.1652603149414,260.80560302734375
2023-03-16,154.0919189453125,123.51753997802734,271.3777160644531
2023-03-17,153.25149536132812,118.85078430175781,274.55126953125
2023-03-20,155.6244354248047,120.10722351074219,267.4770202636719
2023-03-21,157.4832000732422,123.3285903930664,268.9999694824219
2023-03-22,156.04957580566406,120.14501953125,267.53594970703125
2023-03-23,157.13714599609375,119.82381439208984,272.8122253417969
2023-03-24,158.44227600097656,118.00057220458984,275.6714172363281
2023-03-27,156.4945068359375,121.382568359375,271.5545349121094
2023-03-28,155.87159729003906,121.7509765625,270.4246520996094
2023-03-29,158.95645141601562,121.99658966064453,275.6124572753906
2023-03-30,160.5284881591797,121.62815856933594,279.09063720703125
2023-03-31,163.03982543945312,123.10187530517578,283.2664794921875
2023-04-03,164.29550170898438,122.9601821899414,282.21514892578125
2023-04-04,163.76161193847656,121.31641387939453,282.166015625
2023-04-05,161.91268920898438,121.49732208251953,279.3756103515625
2023-04-06,162.8025360107422,121.36402893066406,286.5088806152344
2023-04-10,160.2021942138672,121.76390838623047,284.3374328613281
2023-04-11,158.98609924316406,122.36373901367188,277.8919677734375
2023-04-12,158.29396057128906,122.34469604492188,278.5404357910156
2023-04-13,163.69239807128906,122.81121063232422,284.7795715332031
2023-04-14,163.3463592529297,132.0846710205078,281.1441955566406
2023-04-17,163.3660888671875,133.1319580078125,283.7576904296875
2023-04-18,164.59213256835938,134.62673950195312,283.33526611328125
2023-04-19,165.73902893066406,134.4553985595703,283.4138488769531
2023-04-20,164.7700958251953,134.06500244140625,281.11468505859375
2023-04-21,163.1584930419922,133.8079376220703,280.7708435058594
2023-04-24,163.4649658203125,133.9888458251953,276.8504638671875
2023-04-25,161.92257690429688,131.07542419433594,270.611328125
2023-04-26,161.91268920898438,128.7523193359375,290.2130126953125
2023-04-27,166.51022338867188,130.48513793945312,299.5078430175781
2023-04-28,167.76588439941406,131.61814880371094,301.8954162597656
2023-05-01,167.6769256591797,134.4363555908203,300.2251281738281
2023-05-02,166.6387481689453,132.26553344726562,300.0777282714844
2023-05-03,165.56106567382812,129.46636962890625,299.08538818359375
2023-05-04,163.91978454589844,127.69546508789062,300.0777282714844
2023-05-05,171.61204528808594,130.18995666503906,305.2262268066406
2023-05-08,171.54281616210938,130.50418090820312,303.2611083984375
2023-05-09,169.83233642578125,129.87579345703125,301.6399841308594
2023-05-10,171.60215759277344,129.9424285888672,306.8572082519531
2023-05-11,171.7899932861328,129.5330352783203,304.6956481933594
2023-05-12,170.85931396484375,127.67642974853516,303.5755615234375
2023-05-15,170.36427307128906,128.7523193359375,304.0569763183594
2023-05-16,170.36427307128906,127.88590240478516,306.2972106933594
2023-05-17,170.97811889648438,131.81808471679688,309.19219970703125
2023-05-18,173.31472778320312,132.81776428222656,313.6429443359375
2023-05-19,173.42364501953125,132.51309204101562,313.4657287597656
2023-05-22,172.47317504882812,131.41818237304688,316.2622375488281
2023-05-23,169.8593292236328,130.04713439941406,310.43292236328125
2023-05-24,170.13653564453125,128.85702514648438,309.0444641113281
2023-05-25,171.27513122558594,129.1712188720703,320.9296875
2023-05-26,173.6909637451172,130.3804168701172,327.7929382324219
2023-05-30,175.54241943359375,130.87547302246094,326.1387023925781
2023-05-31,175.49290466308594,129.20932006835938,323.36187744140625
2023-06-01,178.3047637939453,130.98971557617188,327.4876403808594
2023-06-02,179.15623474121094,133.74130249023438,330.26446533203125
2023-06-05,177.7998046875,132.42739868164062,330.79620361328125
2023-06-06,177.43348693847656,132.66542053222656,328.5708923339844
2023-06-07,176.05726623535156,133.95077514648438,318.4285888671875
2023-06-08,178.77999877929688,133.9888458251953,320.27978515625
2023-06-09,179.16616821289062,134.2554473876953,321.7864074707031
2023-06-12,181.9680938720703,134.2459259033203,326.76885986328125
2023-06-13,181.49282836914062,135.21705627441406,329.1715087890625
2023-06-14,182.12648010253906,134.7124481201172,332.1748352050781
2023-06-15,184.1660919189453,136.2357940673828,342.7701110839844
2023-06-16,183.08688354492188,136.39764404296875,337.0884094238281
2023-06-20,183.17599487304688,135.70262145996094,332.8739318847656
2023-06-21,182.13641357421875,135.50267028808594,328.45269775390625
2023-06-22,185.14627075195312,132.8939208984375,334.5085144042969
2023-06-23,184.8294219970703,132.1988983154297,329.8902893066406
2023-06-26,183.43341064453125,132.5226287841797,323.56866455078125
2023-06-27,186.1957550048828,132.53211975097656,329.447265625
2023-06-28,187.37399291992188,131.95135498046875,330.7076721191406
2023-06-29,187.7105712890625,136.5595245361328,329.91986083984375
2023-06-30,192.04718017578125,138.47325134277344,335.3258361816406
2023-07-03,190.55213928222656,139.58718872070312,332.81488037109375
2023-07-05,189.43333435058594,138.65731811523438,332.972412109375
2023-07-06,189.90858459472656,137.2864532470703,336.044677734375
2023-07-07,188.78976440429688,138.36972045898438,332.056640625
2023-07-10,186.74032592773438,139.14622497558594,326.7491760253906
2023-07-11,186.21556091308594,141.3223114013672,327.37939453125
2023-07-12,187.8888397216797,142.0220947265625,332.0369873046875
2023-07-13,188.6511688232422,142.7123260498047,337.41339111328125
2023-07-14,188.79969787597656,143.57513427734375,339.953857421875
2023-07-17,192.06695556640625,147.0358123779297,340.43634033203125
2023-07-18,191.8095703125,147.30422973632812,353.9856872558594
2023-07-19,193.16595458984375,147.8697967529297,349.6431579589844
2023-07-20,191.21548461914062,149.69122314453125,341.55889892578125
2023-07-21,190.0373077392578,148.54086303710938,338.50634765625
2023-07-24,190.8392791748047,151.46470642089844,339.8258056640625
2023-07-25,191.7006378173828,150.33352661132812,345.6059875488281
2023-07-26,192.57191467285156,151.234619140625,332.5982360839844
2023-07-27,191.30459594726562,149.5666046142578,325.65618896484375
2023-07-28,193.88873291015625,150.4197998046875,333.1890563964844
2023-07-31,194.50257873535156,151.4263916015625,330.7765808105469
2023-08-01,193.67091369628906,150.67861938476562,331.19012451171875
2023-08-02,190.67095947265625,148.9722442626953,322.4855041503906
2023-08-03,189.27491760253906,149.88294982910156,321.6583557128906
2023-08-04,180.18594360351562,149.5666046142578,322.76116943359375
2023-08-07,177.0770721435547,150.2760009765625,325.05548095703125
2023-08-08,178.01763916015625,149.43240356445312,321.05767822265625
2023-08-09,176.42359924316406,147.4288330078125,317.2961730957031
2023-08-10,176.20578002929688,147.20835876464844,317.9854431152344
2023-08-11,176.26527404785156,148.06153869628906,316.0948486328125
2023-08-14,177.9209442138672,148.36831665039062,319.0784606933594
2023-08-15,175.92819213867188,144.59127807617188,316.9318542480469
2023-08-16,175.0557403564453,143.97775268554688,316.16217041015625
2023-08-17,172.5077667236328,142.48226928710938,312.6887512207031
2023-08-18,172.9935760498047,142.80819702148438,312.29400634765625
2023-08-21,174.33197021484375,143.297119140625,317.62255859375
2023-08-22,175.71005249023438,140.32534790039062,318.1949157714844
2023-08-23,179.56671142578125,141.27439880371094,322.67486572265625
2023-08-24,174.86737060546875,141.1401824951172,315.7378234863281
2023-08-25,177.07823181152344,140.96763610839844,318.70806884765625
2023-08-28,178.6446990966797,141.45654296875,319.41851806640625
2023-08-29,182.54095458984375,142.6068878173828,324.0661926269531
2023-08-30,186.0406951904297,142.03170776367188,324.441162109375
2023-08-31,186.25880432128906,140.27740478515625,323.4248352050781
2023-09-01,187.83517456054688,140.74713134765625,324.31292724609375
2023-09-05,188.07313537597656,139.19415283203125,329.1382141113281
2023-09-06,181.34136962890625,138.96408081054688,328.47711181640625
2023-09-07,176.0372314453125,137.77537536621094,325.54638671875
2023-09-08,176.65191650390625,137.88082885742188,329.84869384765625
2023-09-11,177.82179260253906,138.48477172851562,333.47015380859375
2023-09-12,174.7880401611328,140.28697204589844,327.3817443847656
2023-09-13,172.71597290039062,140.35409545898438,331.614990234375
2023-09-14,174.2328643798828,143.07662963867188,334.2200927734375
2023-09-15,173.50909423828125,142.65484619140625,325.852294921875
2023-09-18,176.4437255859375,142.95199584960938,324.70758056640625
2023-09-19,177.53428649902344,142.7698516845703,324.30303955078125
2023-09-20,173.98500061035156,142.16592407226562,316.52728271484375
2023-09-21,172.4383544921875,141.0539093017578,315.3036193847656
2023-09-22,173.29100036621094,139.70220947265625,312.8169860839844
2023-09-25,174.56993103027344,140.39242553710938,313.3399963378906
2023-09-26,170.4852752685547,138.935302734375,308.01141357421875
2023-09-27,168.96839904785156,139.75015258789062,308.65277099609375
2023-09-28,169.22613525390625,141.48529052734375,309.4916076660156
2023-09-29,169.74169921875,139.02159118652344,311.5736389160156
2023-10-02,172.25991821289062,137.82330322265625,317.5436096191406
2023-10-03,170.92149353027344,136.80714416503906,309.2449035644531
2023-10-04,172.17066955566406,137.42068481445312,314.7412109375
2023-10-05,173.4099578857422,138.00009155273438,315.1358642578125
2023-10-06,175.96783447265625,140.12464904785156,322.9314270019531
2023-10-09,177.45498657226562,139.80596923828125,325.4575500488281
2023-10-10,176.86013793945312,140.65579223632812,324.0465087890625
2023-10-11,178.25802612304688,141.13865661621094,328.0232238769531
2023-10-12,179.1602325439453,140.81031799316406,326.77984619140625
2023-10-13,177.31619262695312,142.92523193359375,323.395263671875
2023-10-16,177.18731689453125,142.78036499023438,328.2403259277344
2023-10-17,175.6307373046875,142.47134399414062,327.6679382324219
2023-10-18,174.33197021484375,140.90689086914062,325.7436828613281
2023-10-19,173.95526123046875,140.3081512451172,326.937744140625
2023-10-20,171.39739990234375,138.04837036132812,322.3492736816406
2023-10-23,171.516357421875,136.1652374267578,324.96417236328125
2023-10-24,171.9525604248047,136.32940673828125,326.15814208984375
2023-10-25,169.6326446533203,135.5858154296875,336.1640930175781
2023-10-26,165.458740234375,135.93345642089844,323.5531005859375
2023-10-27,166.77732849121094,131.03732299804688,325.4477233886719
2023-10-30,168.82958984375,132.70797729492188,332.8484802246094
2023-10-31,169.30548095703125,134.29176330566406,333.63787841796875
2023-11-01,172.47802734375,134.17587280273438,341.4926452636719
2023-11-02,176.0471649169922,136.57083129882812,343.7129211425781
2023-11-03,175.13502502441406,138.0966796875,348.1335754394531
2023-11-06,177.69290161132812,139.13963317871094,351.81427001953125
2023-11-07,180.26071166992188,139.07203674316406,355.7613830566406
2023-11-08,181.321533203125,139.7576904296875,358.3960876464844
2023-11-09,180.8456573486328,139.34242248535156,355.91925048828125
2023-11-10,185.0448760986328,141.40904235839844,364.7804870605469
2023-11-13,183.45651245117188,140.78134155273438,361.830078125
2023-11-14,186.07733154296875,143.35012817382812,365.37255859375
2023-11-15,186.6431884765625,144.60556030273438,365.5208435058594
2023-11-16,188.33082580566406,146.2569122314453,371.9479675292969
2023-11-17,188.31097412109375,147.5799560546875,365.6988525390625
2023-11-20,190.05816650390625,148.03382873535156,373.20367431640625
2023-11-21,189.25405883789062,147.72482299804688,368.88275146484375
2023-11-22,189.919189453125,148.07244873046875,373.60906982421875
2023-11-24,188.5889434814453,148.2752685546875,373.1937255859375
2023-11-27,188.41024780273438,147.93727111816406,374.3605041503906
2023-11-28,189.0157928466797,148.2752685546875,378.40460205078125
2023-11-29,187.99330139160156,149.0285186767578,374.59783935546875
2023-11-30,188.569091796875,150.72816467285156,374.65716552734375
2023-12-01,189.84971618652344,151.4621124267578,370.30657958984375
2023-12-04,188.05287170410156,152.5727081298828,364.996826171875
2023-12-05,192.01385498046875,152.55337524414062,368.3388671875
2023-12-06,190.92185974121094,150.95028686523438,364.66064453125
2023-12-07,192.85768127441406,151.413818359375,366.7865295410156
2023-12-08,194.2872314453125,153.08450317382812,370.02972412109375
2023-12-11,191.77560424804688,153.64462280273438,367.132568359375
2023-12-12,193.2944793701172,155.0159454345703,370.1780090332031
2023-12-13,196.52085876464844,155.5373992919922,370.1680908203125
2023-12-14,196.66973876953125,158.366943359375,361.8228454589844
2023-12-15,196.13368225097656,159.56442260742188,366.5690002441406
2023-12-18,194.46591186523438,160.5301513671875,368.4674072265625
2023-12-19,195.50827026367188,162.6740264892578,369.070556640625
2023-12-20,193.4136199951172,160.83914184570312,366.460205078125
2023-12-21,193.26467895507812,161.75657653808594,369.347412109375
2023-12-22,192.1925506591797,161.66001892089844,370.3757629394531
2023-12-26,191.64654541015625,162.61605834960938,370.4548645019531
2023-12-27,191.74581909179688,163.5914306640625,369.8714904785156
2023-12-28,192.17269897460938,164.46058654785156,371.0679016113281
2023-12-29,191.13034057617188,164.2674560546875,371.8193359375
2024-01-02,184.29043579101562,166.17955017089844,366.7074279785156
2024-01-03,182.91053771972656,165.4552764892578,366.4403991699219
2024-01-04,180.5875244140625,166.55325317382812,363.81024169921875
2024-01-05,179.86285400390625,167.38888549804688,363.6224060058594
2024-01-08,184.21099853515625,167.14598083496094,370.4845275878906
2024-01-09,183.7940673828125,165.82449340820312,371.57220458984375
2024-01-10,184.83641052246094,166.17431640625,378.47381591796875
2024-01-11,184.24078369140625,165.47470092773438,380.31298828125
2024-01-12,184.56837463378906,164.26011657714844,384.10986328125
2024-01-16,182.29502868652344,163.23016357421875,385.8896179199219
2024-01-17,181.3519287109375,162.3556671142578,385.0986328125
2024-01-18,187.2586669921875,162.67630004882812,389.44921875
2024-01-19,190.16737365722656,165.4844207763672,394.1954040527344
2024-01-22,192.48043823242188,165.2900848388672,392.0596618652344
2024-01-23,193.7610626220703,164.20181274414062,394.42279052734375
2024-01-24,193.08599853515625,165.66903686523438,398.04168701171875
2024-01-25,192.75839233398438,168.0399169921875,400.32574462890625
2024-01-26,191.02113342285156,167.39859008789062,399.3963623046875
2024-01-29,190.3361358642578,167.83584594726562,405.121337890625
2024-01-30,186.6729736328125,171.2755584716797,404.0039978027344
2024-01-31,183.05943298339844,169.41964721679688,393.11761474609375
2024-02-01,185.50155639648438,168.80751037597656,399.2480163574219
2024-02-02,184.49888610839844,169.7791748046875,406.6045227050781
2024-02-05,186.31558227539062,169.55569458007812,401.0970458984375
2024-02-06,187.92381286621094,170.13868713378906,400.93878173828125
2024-02-07,188.0330047607422,170.45933532714844,409.4027404785156
2024-02-08,186.95095825195312,169.84719848632812,409.4620666503906
2024-02-09,187.71630859375,170.05123901367188,415.82977294921875
2024-02-12,186.02651977539062,170.8091278076172,410.5991516113281
2024-02-13,183.92918395996094,169.32247924804688,401.759521484375
2024-02-14,183.04452514648438,171.04234313964844,405.6426696777344
2024-02-15,182.75628662109375,174.77354431152344,402.7402038574219
2024-02-16,181.215576171875,173.95733642578125,400.2637023925781
2024-02-20,180.4700469970703,174.6374969482422,399.0056457519531
2024-02-21,181.22552490234375,175.77435302734375,398.4013366699219
2024-02-22,183.26319885253906,177.88287353515625,407.7823791503906
2024-02-23,181.42431640625,178.7768096923828,406.4847106933594
2024-02-26,180.0724639892578,178.16464233398438,403.7110290527344
2024-02-27,181.5336456298828,178.25209045410156,403.65155029296875
2024-02-28,180.33091735839844,179.15576171875,403.8893127441406
2024-02-29,179.6649627685547,180.78814697265625,409.7536926269531
2024-03-01,178.58148193359375,180.03994750976562,411.59619140625
2024-03-04,174.0488739013672,181.3905792236328,411.0216979980469
2024-03-05,169.09873962402344,183.2075958251953,398.8669128417969
2024-03-06,168.10475158691406,184.15982055664062,398.3122253417969
2024-03-07,167.9854736328125,182.546875,405.2960205078125
2024-03-08,169.705078125,182.88694763183594,402.40338134765625
2024-03-11,171.7129364013672,182.9549560546875,400.7193603515625
2024-03-12,172.1900634765625,184.46102905273438,411.3782653808594
2024-03-13,170.1027069091797,185.9573974609375,411.1999816894531
2024-03-14,171.96144104003906,182.64404296875,421.22491455078125
2024-03-15,171.583740234375,184.90802001953125,412.5075988769531
2024-03-18,172.67713928222656,187.201171875,413.39910888671875
2024-03-19,175.02296447753906,188.29913330078125,417.45068359375
2024-03-20,177.59742736816406,190.76718139648438,421.23480224609375
2024-03-21,170.3412322998047,193.41981506347656,425.3359069824219
2024-03-22,171.24578857421875,191.0489501953125,424.7117919921875
2024-03-25,169.82437133789062,189.29995727539062,418.8870544433594
2024-03-26,168.6912078857422,190.18417358398438,417.68841552734375
2024-03-27,172.26959228515625,193.86679077148438,417.4704895019531
2024-03-28,170.4505615234375,194.6246795654297,416.76715087890625
2024-04-01,169.00929260253906,193.30319213867188,420.58099365234375
2024-04-02,167.82644653320312,193.22549438476562,417.4803771972656
2024-04-03,168.63156127929688,192.6813507080078,416.49969482421875
2024-04-04,167.80654907226562,191.21531677246094,413.953857421875
2024-04-05,168.56199645996094,192.9745330810547,421.5220642089844
2024-04-08,167.4387664794922,193.981201171875,420.6007995605469
2024-04-09,168.65145874023438,192.68133544921875,422.27490234375
2024-04-10,166.77281188964844,191.0394287109375,419.2832946777344
2024-04-11,173.98919677734375,191.00033569335938,423.909423828125
2024-04-12,175.4901580810547,178.64682006835938,417.93609619140625
2024-04-15,171.65333557128906,178.74456787109375,409.7536926269531
2024-04-16,168.36318969726562,176.7019500732422,410.6848449707031
2024-04-17,166.99147033691406,175.99826049804688,407.9705810546875
2024-04-18,166.0372314453125,177.14173889160156,400.47174072265625
2024-04-19,164.0094757080078,181.58860778808594,395.3701171875
2024-04-22,164.84445190429688,185.11679077148438,397.1927795410156
2024-04-23,165.8980712890625,187.784912109375,403.7407531738281
2024-04-24,168.00535583496094,188.70359802246094,405.2167053222656
2024-04-25,168.87013244628906,188.9870147705078,395.2908630371094
2024-04-26,168.28366088867188,189.10430908203125,402.5024719238281
2024-04-29,172.45846557617188,188.89906311035156,398.4706726074219
2024-04-30,169.30747985839844,187.39398193359375,385.6720886230469
2024-05-01,168.28366088867188,187.51124572753906,391.2294006347656
2024-05-02,171.99127197265625,187.31578063964844,394.10211181640625
2024-05-03,182.27914428710938,186.19186401367188,402.8392639160156
2024-05-06,180.6191864013672,187.6480712890625,409.6546325683594
2024-05-07,181.30502319335938,187.40374755859375,405.4941101074219
2024-05-08,181.6429901123047,191.21531677246094,406.6828308105469
2024-05-09,183.46202087402344,193.0233917236328,408.44610595703125
2024-05-10,182.1979217529297,194.26463317871094,410.8433532714844
2024-05-13,185.4128875732422,194.2255401611328,409.8329162597656
2024-05-14,186.55752563476562,196.94252014160156,412.6462707519531
2024-05-15,188.83688354492188,197.5289306640625,419.8609313964844
2024-05-16,188.95631408691406,197.88075256347656,417.7868347167969
2024-05-17,188.9861602783203,200.1481475830078,417.0127868652344
2024-05-20,190.15072631835938,191.1469268798828,422.1037292480469
2024-05-21,191.4546356201172,194.9976348876953,425.7756042480469
2024-05-22,190.01136779785156,193.81504821777344,427.24432373046875
2024-05-23,186.0100860595703,192.45655822753906,423.7511291503906
2024-05-24,189.0956573486328,196.16065979003906,426.8870544433594
2024-05-28,189.10560607910156,194.97808837890625,427.0458679199219
2024-05-29,189.4042205810547,193.6195831298828,425.9046325683594
2024-05-30,190.39956665039062,194.81192016601562,411.51495361328125
2024-05-31,191.35508728027344,198.03712463378906,411.971435546875
2024-06-03,193.12680053710938,197.24549865722656,410.37371826171875
2024-06-04,193.44532775878906,194.64578247070312,412.904296875
2024-06-05,194.95823669433594,192.78884887695312,420.78387451171875
2024-06-06,193.57470703125,192.44680786132812,421.28997802734375
2024-06-07,195.97349548339844,195.41787719726562,420.6250915527344
2024-06-10,192.22103881835938,195.0855712890625,424.614501953125
2024-06-11,206.1857147216797,189.95457458496094,429.38787841796875
2024-06-12,212.0782012939453,187.188720703125,437.7041320800781
2024-06-13,213.24273681640625,189.2704620361328,438.2201843261719
2024-06-14,211.50086975097656,189.38772583007812,439.2026672363281
2024-06-17,215.6614227294922,190.56051635742188,444.95849609375
2024-06-18,213.29248046875,192.5347442626953,442.9439392089844
2024-06-20,208.70394897460938,194.16688537597656,442.308837890625
2024-06-21,206.52415466308594,191.85061645507812,446.3577880859375
2024-06-24,207.17111206054688,194.37213134765625,444.26385498046875
2024-06-25,208.0968017578125,193.5804901123047,447.5188903808594
2024-06-26,212.25733947753906,192.95498657226562,448.71966552734375
2024-06-27,213.1033935546875,194.65554809570312,449.40447998046875
2024-06-28,209.6395721435547,197.67550659179688,443.5493469238281
2024-07-01,215.7410430908203,200.79322814941406,453.2549133300781
2024-07-02,219.24464416503906,204.09661865234375,455.7854919433594
2024-07-03,220.51870727539062,203.95977783203125,457.26416015625
2024-07-05,225.28640747070312,201.2572021484375,464.00250244140625
2024-07-08,226.75953674316406,201.6306610107422,462.69256591796875
2024-07-09,227.61550903320312,204.04823303222656,456.0435485839844
2024-07-10,231.8955078125,204.2152862548828,462.70245361328125
2024-07-11,226.51071166992188,203.87132263183594,451.2403564453125
2024-07-12,229.46685791015625,201.40463256835938,450.0990905761719
2024-07-15,233.3088836669922,206.42648315429688,450.5059814453125
2024-07-16,233.72694396972656,209.93487548828125,446.0997619628906
2024-07-17,227.81459045410156,213.12881469726562,440.1454162597656
2024-07-18,223.13645935058594,206.357666015625,437.0194091796875
2024-07-19,223.26583862304688,206.1611328125,433.7842102050781
2024-07-22,222.91751098632812,206.65249633789062,439.5698547363281
2024-07-23,223.96258544921875,206.70166015625,441.4653015136719
2024-07-24,217.522705078125,204.99166870117188,425.63665771484375
2024-07-25,216.47763061523438,205.07028198242188,415.2165832519531
2024-07-26,216.94541931152344,208.5786895751953,422.0342712402344
2024-07-29,217.22412109375,207.21267700195312,423.483154296875
2024-07-30,217.78150939941406,211.47781372070312,419.7021789550781
2024-07-31,221.04623413085938,209.12904357910156,415.16693115234375
2024-08-01,217.3435516357422,204.37254333496094,413.93634033203125
2024-08-02,218.83657836914062,195.70468139648438,405.3819580078125
2024-08-05,208.29586791992188,191.53781127929688,392.1434631347656
2024-08-06,206.26535034179688,196.8839874267578,396.56951904296875
2024-08-07,208.8433074951172,196.9429473876953,395.39849853515625
2024-08-08,212.3170623779297,200.539794921875,399.6261291503906
2024-08-09,215.23342895507812,202.2498016357422,402.93072509765625
2024-08-12,216.76803588867188,202.63307189941406,403.7147216796875
2024-08-13,220.49493408203125,204.35289001464844,410.8599548339844
2024-08-14,220.943359375,206.6132049560547,413.6882629394531
2024-08-15,223.93284606933594,207.90060424804688,418.5796203613281
2024-08-16,225.25819396972656,210.2788543701172,416.0345153808594
2024-08-19,225.0987548828125,211.7333221435547,419.07672119140625
2024-08-20,225.71656799316406,210.81936645507812,422.32769775390625
2024-08-21,225.60696411132812,210.8979949951172,421.67156982421875
2024-08-22,223.74351501464844,212.89295959472656,413.1315002441406
2024-08-23,226.04541015625,214.54397583007812,414.36431884765625
2024-08-26,226.3842315673828,215.38914489746094,411.0835266113281
2024-08-27,227.2312469482422,216.3817138671875,411.4314880371094
2024-08-28,225.69664001464844,217.4725799560547,408.2103271484375
2024-08-29,228.98507690429688,218.37672424316406,410.7156677246094
2024-08-30,228.19786071777344,220.92202758789062,414.7122802734375
2024-09-03,221.9896697998047,216.49964904785156,407.0570983886719
2024-09-04,220.076416015625,215.54638671875,406.5202331542969
2024-09-05,221.60104370117188,213.875732421875,406.01324462890625
2024-09-06,220.0465087890625,208.79490661621094,399.3621520996094
2024-09-09,220.13619995117188,213.06985473632812,403.3587646484375
2024-09-10,219.3389892578125,202.013916015625,411.7893981933594
2024-09-11,221.88006591796875,203.6551055908203,420.57794189453125
2024-09-12,221.9896697998047,203.03598022460938,424.514892578125
2024-09-13,221.7206268310547,200.7953338623047,428.083984375
2024-09-16,215.56228637695312,204.2742462158203,428.8296203613281
2024-09-17,216.03062438964844,205.64027404785156,432.6174621582031
2024-09-18,219.91696166992188,203.94993591308594,428.302734375
2024-09-19,228.06829833984375,206.84906005859375,436.1368713378906
2024-09-20,227.40065002441406,207.4485321044922,432.73675537109375
2024-09-23,225.67672729492188,207.79249572753906,430.9870300292969
2024-09-24,226.5735626220703,207.93991088867188,426.6722717285156
2024-09-25,225.57705688476562,206.56405639648438,429.59515380859375
2024-09-26,226.72303771972656,206.1611328125,428.7998046875
2024-09-27,226.99209594726562,206.86871337890625,425.5289611816406
2024-09-30,232.18385314941406,207.2224884033203,427.7956848144531
2024-10-01,225.41763305664062,203.46839904785156,418.2416076660156
2024-10-02,225.98562622070312,203.71408081054688,414.7023620605469
2024-10-03,224.87950134277344,201.6896209716797,414.11578369140625
2024-10-04,226.0055694580078,208.84832763671875,413.6385498046875
2024-10-07,220.91346740722656,208.5615692138672,407.15655517578125
2024-10-08,224.9791717529297,208.3835906982422,412.2964172363281
2024-10-09,228.7359619140625,211.02362060546875,415.0303955078125
2024-10-10,228.2377166748047,210.45013427734375,413.4198303222656
2024-10-11,226.7529296875,219.79400634765625,413.89703369140625
2024-10-14,230.48980712890625,218.99310302734375,416.7006530761719
2024-10-15,233.03086853027344,219.8928985595703,416.3029479980469
2024-10-16,230.96810913085938,221.12887573242188,413.6982116699219
2024-10-17,231.33682250976562,221.90011596679688,414.2947082519531
2024-10-18,234.1768341064453,222.83944702148438,415.7263488769531
2024-10-21,235.6516571044922,220.49606323242188,416.3427429199219
2024-10-22,235.03382873535156,221.6034698486328,425.0219421386719
2024-10-23,229.95169067382812,220.90145874023438,422.1288757324219
2024-10-24,229.76235961914062,222.4538116455078,422.2580871582031
2024-10-25,230.5994110107422,219.8137969970703,425.6581726074219
2024-10-28,232.5824432373047,222.96798706054688,424.1072998046875
2024-10-29,232.85150146484375,220.3971710205078,429.43609619140625
2024-10-30,229.29400634765625,221.89022827148438,430.0126953125
2024-10-31,225.11868286132812,219.4281768798828,403.985107421875
2024-11-01,222.12918090820312,220.43673706054688,407.9816589355469
2024-11-04,221.23233032226562,217.31219482421875,406.082763671875
2024-11-05,222.66729736328125,219.0030059814453,409.0653381347656
2024-11-06,221.93984985351562,244.28590393066406,417.7345886230469
2024-11-07,226.68316650390625,233.725830078125,422.9540100097656
2024-11-08,226.41383361816406,234.31907653808594,420.08087158203125
2024-11-11,223.69039916992188,236.60313415527344,415.57720947265625
2024-11-12,223.69039916992188,236.8701171875,420.5679931640625
2024-11-13,224.5782470703125,238.4521484375,422.7253723144531
2024-11-14,227.67079162597656,239.1541748046875,424.4055480957031
2024-11-15,224.4585418701172,242.5555419921875,412.5847473144531
2024-11-18,227.4712677001953,242.2786865234375,413.34033203125
2024-11-19,227.73065185546875,240.36045837402344,415.3585205078125
2024-11-20,228.44891357421875,238.07640075683594,413.0718688964844
2024-11-21,227.97007751464844,242.01170349121094,411.2887268066406
2024-11-22,229.3168182373047,245.75917053222656,415.4029235839844
2024-11-25,232.30960083007812,247.47962951660156,417.1860656738281
2024-11-26,234.49432373046875,247.16322326660156,426.350830078125
2024-11-27,234.36463928222656,246.9852294921875,421.3699951171875
2024-11-29,236.7588653564453,246.91603088378906,421.8381652832031
2024-12-02,239.013427734375,243.48500061035156,429.32940673828125
2024-12-03,242.06607055664062,242.071044921875,429.5485534667969
2024-12-04,242.42520141601562,240.6669921875,435.7447204589844
2024-12-05,242.4551239013672,242.7236328125,440.9247741699219
2024-12-06,242.25559997558594,244.58251953125,441.87115478515625
2024-12-09,246.1562042236328,241.0723876953125,444.3117370605469
2024-12-10,247.1737518310547,240.133056640625,441.632080078125
2024-12-11,245.89683532714844,240.7955322265625,447.2704162597656
2024-12-12,247.36329650878906,238.81797790527344,447.83819580078125
2024-12-13,247.5328826904297,237.245849609375,445.5569763183594
2024-12-16,250.43588256835938,236.889892578125,449.8604431152344
2024-12-17,252.8699951171875,235.68357849121094,452.7194519042969
2024-12-18,247.4530792236328,227.78329467773438,435.71484375
2024-12-19,249.1888885498047,230.34422302246094,435.356201171875
2024-12-20,253.87759399414062,234.93212890625,434.9278564453125
2024-12-23,254.6557159423828,235.71324157714844,433.5830383300781
2024-12-24,257.57867431640625,239.58921813964844,437.6473693847656
2024-12-26,258.39666748046875,240.409912109375,436.43206787109375
2024-12-27,254.9749298095703,238.4620361328125,428.881103515625
2024-12-30,251.59307861328125,236.6328125,423.2029113769531
2024-12-31,249.81736755371094,237.0184326171875,419.88568115234375
2025-01-02,243.26319885253906,237.30516052246094,416.97686767578125
2025-01-03,242.7743682861328,240.54833984375,421.7286071777344
2025-01-06,244.41041564941406,239.3755645751953,426.21136474609375
2025-01-07,241.62713623046875,241.6813507080078,420.7523498535156
2025-01-08,242.11595153808594,241.6416015625,422.9339904785156
2025-01-10,236.28004455566406,238.40155029296875,417.345458984375
2025-01-13,233.83592224121094,242.71499633789062,415.5921936035156
2025-01-14,232.71861267089844,245.9550323486328,414.0780334472656
2025-01-15,237.2975616455078,250.80516052246094,424.6772766113281
2025-01-16,227.710693359375,252.71340942382812,422.953857421875
2025-01-17,229.4265594482422,257.573486328125,427.3868713378906
2025-01-21,222.10421752929688,261.4197692871094,426.8588562011719
2025-01-22,223.29136657714844,261.2309265136719,444.4911193847656
2025-01-23,223.1217803955078,264.3219299316406,444.9991149902344
2025-01-24,222.24388122558594,263.21868896484375,442.3592834472656
2025-01-27,229.30685424804688,264.2225341796875,432.8956604003906
2025-01-28,237.68663024902344,265.504638671875,445.4872741699219
2025-01-29,238.7839813232422,264.9480285644531,440.6358947753906
2025-01-30,237.0182342529297,266.58795166015625,413.4006042480469
2025-01-31,235.4320831298828,265.66363525390625,413.4703674316406
2025-02-03,227.46128845214844,265.1766357421875,409.3462219238281
2025-02-04,232.23977661132812,266.2997131347656,410.7906494140625
2025-02-05,231.91058349609375,268.77447509765625,411.7071533203125
2025-02-06,232.6587677001953,275.2048645019531,414.2274475097656
2025-02-07,227.08221435546875,274.1116027832031,408.1806945800781
2025-02-10,227.3518524169922,269.3807373046875,410.6412353515625
2025-02-11,232.3153533935547,273.3065490722656,409.8642272949219
2025-02-12,236.55978393554688,273.7637634277344,407.4734191894531
2025-02-13,241.21368408203125,274.62841796875,408.9676818847656
2025-02-14,244.2796630859375,274.8967590332031,406.86572265625
2025-02-18,244.14984130859375,278.2362060546875,408.0711364746094
2025-02-19,244.54930114746094,277.5404968261719,413.18145751953125
2025-02-20,245.508056640625,265.16668701171875,415.3674621582031
2025-02-21,245.22842407226562,262.62237548828125,407.4619445800781
2025-02-24,246.77639770507812,259.7401123046875,403.2596740722656
2025-02-25,246.71646118164062,255.82423400878906,397.17083740234375
2025-02-26,240.0452117919922,257.20574951171875,398.99749755859375
2025-02-27,236.98922729492188,257.4641418457031,391.8106994628906
2025-02-28,241.5232696533203,263.02984619140625,396.26251220703125
2025-03-03,237.71826171875,259.0245361328125,387.778076171875
2025-03-04,235.6210174560547,248.718017578125,387.8978576660156
2025-03-05,235.4312744140625,249.99017333984375,400.2851257324219
2025-03-06,235.0218048095703,245.0307159423828,396.1627197265625
2025-03-07,238.7569122314453,240.7967987060547,392.5892639160156
2025-03-10,227.1820831298828,230.79840087890625,379.46337890625
2025-03-11,220.55078125,227.73724365234375,379.7528381347656
2025-03-12,216.69583129882812,226.5048370361328,382.5676574707031
2025-03-13,209.4053955078125,223.81143188476562,378.0758972167969
2025-03-14,213.21041870117188,231.0170440673828,387.84796142578125
2025-03-17,213.71974182128906,232.49790954589844,387.98773193359375
2025-03-18,212.4114532470703,233.53155517578125,382.81719970703125
2025-03-19,214.95811462402344,237.64620971679688,387.1093444824219
2025-03-20,213.81961059570312,237.54681396484375,386.131103515625
2025-03-21,217.98414611816406,240.15078735351562,390.54302978515625
2025-03-24,220.44091796875,246.5414276123047,392.35968017578125
2025-03-25,223.45697021484375,249.59263610839844,394.4358825683594
2025-03-26,221.2398681640625,249.4932403564453,389.2554016113281
2025-03-27,223.5568389892578,246.60104370117188,389.8642578125
2025-03-28,217.6146240234375,241.3633270263672,378.1058349609375
2025-03-31,221.83909606933594,243.79832458496094,374.7021179199219
2025-04-01,222.897705078125,242.16836547851562,381.4896545410156
2025-04-02,223.59678649902344,244.3151397705078,381.43975830078125
2025-04-03,202.9239044189453,227.29000854492188,372.42626953125
2025-04-04,188.13330078125,210.27999877929688,359.18060302734375
2025-04-07,181.2223663330078,214.44000244140625,357.2042236328125
2025-04-08,172.19419860839844,216.8699951171875,353.9102783203125
2025-04-09,198.58958435058594,234.33999633789062,389.7744140625
2025-04-10,190.17062377929688,227.11000061035156,380.65118408203125
2025-04-11,197.89048767089844,236.1999969482422,387.7381896972656
2025-04-14,202.25477600097656,234.72000122070312,387.0993347167969
2025-04-15,201.87527465820312,233.1300048828125,385.0231628417969
2025-04-16,194.0155792236328,229.61000061035156,370.92901611328125
2025-04-17,196.72203063964844,231.9600067138672,367.1060485839844
2025-04-21,192.9070281982422,228.99000549316406,358.4619140625
2025-04-22,199.47842407226562,235.58999633789062,366.1478271484375
2025-04-23,204.33206176757812,240.8800048828125,373.7039489746094
2025-04-24,208.09710693359375,244.63999938964844,386.59027099609375
2025-04-25,209.00592041015625,243.5500030517578,391.1319580078125
2025-04-28,209.8647918701172,243.22000122070312,390.4432067871094
2025-04-29,210.9333953857422,244.6199951171875,393.31793212890625
2025-04-30,212.22171020507812,244.6199951171875,394.53570556640625
2025-05-01,213.04063415527344,246.88999938964844,424.6204528808594
2025-05-02,205.08106994628906,252.50999450683594,434.48236083984375
2025-05-05,198.62953186035156,252.55999755859375,435.3707275390625
2025-05-06,198.25001525878906,249.25,432.5159606933594
2025-05-07,195.99298095703125,249.38999938964844,432.555908203125
2025-05-08,197.2313690185547,253.47000122070312,437.3670654296875
2025-05-09,198.27000427246094,253.0800018310547,437.9260559082031
2025-05-12,210.7899932861328,260.04998779296875,448.4367370605469
2025-05-13,212.92999267578125,263.010009765625,448.3169860839844
2025-05-14,212.3300018310547,265.6400146484375,452.1099853515625
2025-05-15,211.4499969482422,267.489990234375,453.1300048828125
2025-05-16,211.25999450683594,267.55999755859375,454.2699890136719
2025-05-19,208.77999877929688,264.8800048828125,458.8699951171875
2025-05-20,206.86000061035156,265.67999267578125,458.1700134277344
2025-05-21,202.08999633789062,261.0400085449219,452.57000732421875
2025-05-22,201.36000061035156,260.6700134277344,454.8599853515625
2025-05-23,195.27000427246094,260.7099914550781,450.17999267578125
2025-05-27,200.2100067138672,265.2900085449219,460.69000244140625
2025-05-28,200.4199981689453,263.489990234375,457.3599853515625
